,pdb_name,processed_path,num_chains,quaternary_category,seq_len,modeled_seq_len
0,1b1y.a,./pkl/jsonl/1b1y.a.pkl,1,homomer,500,500
1,1esw.a,./pkl/jsonl/1esw.a.pkl,1,homomer,500,500
2,1dpg.a,./pkl/jsonl/1dpg.a.pkl,1,homomer,485,485
3,1eu8.a,./pkl/jsonl/1eu8.a.pkl,1,homomer,407,407
4,1bh9.b,./pkl/jsonl/1bh9.b.pkl,1,homomer,89,89
5,1ci4.a,./pkl/jsonl/1ci4.a.pkl,1,homomer,89,89
6,1a19.a,./pkl/jsonl/1a19.a.pkl,1,homomer,89,89
7,1dgn.a,./pkl/jsonl/1dgn.a.pkl,1,homomer,89,89
8,1c6r.a,./pkl/jsonl/1c6r.a.pkl,1,homomer,88,88
9,1ef5.a,./pkl/jsonl/1ef5.a.pkl,1,homomer,88,88
10,1a6s.a,./pkl/jsonl/1a6s.a.pkl,1,homomer,87,87
11,1c9f.a,./pkl/jsonl/1c9f.a.pkl,1,homomer,87,87
12,1e5b.a,./pkl/jsonl/1e5b.a.pkl,1,homomer,87,87
13,1a68.a,./pkl/jsonl/1a68.a.pkl,1,homomer,87,87
14,1ek4.a,./pkl/jsonl/1ek4.a.pkl,1,homomer,406,406
15,1aaz.a,./pkl/jsonl/1aaz.a.pkl,1,homomer,87,87
16,1b5f.b,./pkl/jsonl/1b5f.b.pkl,1,homomer,87,87
17,1an2.a,./pkl/jsonl/1an2.a.pkl,1,homomer,86,86
18,1cxz.b,./pkl/jsonl/1cxz.b.pkl,1,homomer,86,86
19,1af8.a,./pkl/jsonl/1af8.a.pkl,1,homomer,86,86
20,1ae2.a,./pkl/jsonl/1ae2.a.pkl,1,homomer,86,86
21,1a7h.a,./pkl/jsonl/1a7h.a.pkl,1,homomer,86,86
22,1b0y.a,./pkl/jsonl/1b0y.a.pkl,1,homomer,85,85
23,1a1i.a,./pkl/jsonl/1a1i.a.pkl,1,homomer,85,85
24,1e91.a,./pkl/jsonl/1e91.a.pkl,1,homomer,85,85
25,1bcc.b,./pkl/jsonl/1bcc.b.pkl,1,homomer,406,406
26,1aqa.a,./pkl/jsonl/1aqa.a.pkl,1,homomer,84,84
27,1d1r.a,./pkl/jsonl/1d1r.a.pkl,1,homomer,83,83
28,1bxi.a,./pkl/jsonl/1bxi.a.pkl,1,homomer,83,83
29,1cc5.a,./pkl/jsonl/1cc5.a.pkl,1,homomer,83,83
30,1dqb.a,./pkl/jsonl/1dqb.a.pkl,1,homomer,83,83
31,1es7.b,./pkl/jsonl/1es7.b.pkl,1,homomer,83,83
32,1a1w.a,./pkl/jsonl/1a1w.a.pkl,1,homomer,83,83
33,1aab.a,./pkl/jsonl/1aab.a.pkl,1,homomer,83,83
34,1emn.a,./pkl/jsonl/1emn.a.pkl,1,homomer,82,82
35,1a7g.e,./pkl/jsonl/1a7g.e.pkl,1,homomer,82,82
36,1b23.p,./pkl/jsonl/1b23.p.pkl,1,homomer,405,405
37,1cf7.b,./pkl/jsonl/1cf7.b.pkl,1,homomer,82,82
38,1cch.a,./pkl/jsonl/1cch.a.pkl,1,homomer,82,82
39,1emo.a,./pkl/jsonl/1emo.a.pkl,1,homomer,82,82
40,1d8j.a,./pkl/jsonl/1d8j.a.pkl,1,homomer,81,81
41,1dcj.a,./pkl/jsonl/1dcj.a.pkl,1,homomer,81,81
42,1d3b.b,./pkl/jsonl/1d3b.b.pkl,1,homomer,81,81
43,1d8b.a,./pkl/jsonl/1d8b.a.pkl,1,homomer,81,81
44,1cxy.a,./pkl/jsonl/1cxy.a.pkl,1,homomer,81,81
45,1bdo.a,./pkl/jsonl/1bdo.a.pkl,1,homomer,80,80
46,1dv5.a,./pkl/jsonl/1dv5.a.pkl,1,homomer,80,80
47,1dfa.a,./pkl/jsonl/1dfa.a.pkl,1,homomer,405,405
48,1blu.a,./pkl/jsonl/1blu.a.pkl,1,homomer,80,80
49,1b4r.a,./pkl/jsonl/1b4r.a.pkl,1,homomer,80,80
50,1dj8.a,./pkl/jsonl/1dj8.a.pkl,1,homomer,79,79
51,1a91.a,./pkl/jsonl/1a91.a.pkl,1,homomer,79,79
52,1dvh.a,./pkl/jsonl/1dvh.a.pkl,1,homomer,79,79
53,1euv.b,./pkl/jsonl/1euv.b.pkl,1,homomer,79,79
54,1e4u.a,./pkl/jsonl/1e4u.a.pkl,1,homomer,78,78
55,1akh.b,./pkl/jsonl/1akh.b.pkl,1,homomer,78,78
56,1bcc.g,./pkl/jsonl/1bcc.g.pkl,1,homomer,78,78
57,1cks.b,./pkl/jsonl/1cks.b.pkl,1,homomer,78,78
58,1ei6.a,./pkl/jsonl/1ei6.a.pkl,1,homomer,404,404
59,1aoy.a,./pkl/jsonl/1aoy.a.pkl,1,homomer,78,78
60,1eo0.a,./pkl/jsonl/1eo0.a.pkl,1,homomer,77,77
61,1awj.a,./pkl/jsonl/1awj.a.pkl,1,homomer,77,77
62,1ccd.a,./pkl/jsonl/1ccd.a.pkl,1,homomer,77,77
63,1dip.a,./pkl/jsonl/1dip.a.pkl,1,homomer,77,77
64,1c1y.b,./pkl/jsonl/1c1y.b.pkl,1,homomer,77,77
65,1ekz.a,./pkl/jsonl/1ekz.a.pkl,1,homomer,76,76
66,1du2.a,./pkl/jsonl/1du2.a.pkl,1,homomer,76,76
67,1c01.a,./pkl/jsonl/1c01.a.pkl,1,homomer,76,76
68,1dp7.p,./pkl/jsonl/1dp7.p.pkl,1,homomer,76,76
69,1c0n.a,./pkl/jsonl/1c0n.a.pkl,1,homomer,404,404
70,1boc.a,./pkl/jsonl/1boc.a.pkl,1,homomer,76,76
71,1dny.a,./pkl/jsonl/1dny.a.pkl,1,homomer,76,76
72,1dgw.x,./pkl/jsonl/1dgw.x.pkl,1,homomer,76,76
73,1e8o.d,./pkl/jsonl/1e8o.d.pkl,1,homomer,76,76
74,1etk.a,./pkl/jsonl/1etk.a.pkl,1,homomer,75,75
75,1apj.a,./pkl/jsonl/1apj.a.pkl,1,homomer,74,74
76,1b34.b,./pkl/jsonl/1b34.b.pkl,1,homomer,74,74
77,1e8o.a,./pkl/jsonl/1e8o.a.pkl,1,homomer,74,74
78,1c7u.a,./pkl/jsonl/1c7u.a.pkl,1,homomer,74,74
79,1dqc.a,./pkl/jsonl/1dqc.a.pkl,1,homomer,73,73
80,1eup.a,./pkl/jsonl/1eup.a.pkl,1,homomer,403,403
81,1dj7.b,./pkl/jsonl/1dj7.b.pkl,1,homomer,73,73
82,1dt4.a,./pkl/jsonl/1dt4.a.pkl,1,homomer,73,73
83,1bo9.a,./pkl/jsonl/1bo9.a.pkl,1,homomer,73,73
84,1afi.a,./pkl/jsonl/1afi.a.pkl,1,homomer,72,72
85,1cc8.a,./pkl/jsonl/1cc8.a.pkl,1,homomer,72,72
86,1eij.a,./pkl/jsonl/1eij.a.pkl,1,homomer,72,72
87,1ah9.a,./pkl/jsonl/1ah9.a.pkl,1,homomer,71,71
88,1baj.a,./pkl/jsonl/1baj.a.pkl,1,homomer,71,71
89,1b4b.a,./pkl/jsonl/1b4b.a.pkl,1,homomer,71,71
90,1d3b.c,./pkl/jsonl/1d3b.c.pkl,1,homomer,71,71
91,1ava.a,./pkl/jsonl/1ava.a.pkl,1,homomer,403,403
92,1c75.a,./pkl/jsonl/1c75.a.pkl,1,homomer,71,71
93,1ail.a,./pkl/jsonl/1ail.a.pkl,1,homomer,70,70
94,1dz1.a,./pkl/jsonl/1dz1.a.pkl,1,homomer,70,70
95,1b22.a,./pkl/jsonl/1b22.a.pkl,1,homomer,70,70
96,1bby.a,./pkl/jsonl/1bby.a.pkl,1,homomer,69,69
97,1dul.a,./pkl/jsonl/1dul.a.pkl,1,homomer,69,69
98,1eay.d,./pkl/jsonl/1eay.d.pkl,1,homomer,69,69
99,1b69.a,./pkl/jsonl/1b69.a.pkl,1,homomer,69,69
100,1c48.a,./pkl/jsonl/1c48.a.pkl,1,homomer,69,69
101,1bct.a,./pkl/jsonl/1bct.a.pkl,1,homomer,69,69
102,1cqx.a,./pkl/jsonl/1cqx.a.pkl,1,homomer,403,403
103,1dwm.a,./pkl/jsonl/1dwm.a.pkl,1,homomer,69,69
104,1doq.a,./pkl/jsonl/1doq.a.pkl,1,homomer,69,69
105,1di2.a,./pkl/jsonl/1di2.a.pkl,1,homomer,69,69
106,1ctf.a,./pkl/jsonl/1ctf.a.pkl,1,homomer,68,68
107,1cok.a,./pkl/jsonl/1cok.a.pkl,1,homomer,68,68
108,1chc.a,./pkl/jsonl/1chc.a.pkl,1,homomer,68,68
109,1cpz.a,./pkl/jsonl/1cpz.a.pkl,1,homomer,68,68
110,1a7w.a,./pkl/jsonl/1a7w.a.pkl,1,homomer,68,68
111,1cm9.a,./pkl/jsonl/1cm9.a.pkl,1,homomer,68,68
112,1b72.a,./pkl/jsonl/1b72.a.pkl,1,homomer,68,68
113,1cwv.a,./pkl/jsonl/1cwv.a.pkl,1,homomer,484,484
114,1dkl.b,./pkl/jsonl/1dkl.b.pkl,1,homomer,402,402
115,1bmr.a,./pkl/jsonl/1bmr.a.pkl,1,homomer,67,67
116,1cf7.a,./pkl/jsonl/1cf7.a.pkl,1,homomer,67,67
117,1a15.a,./pkl/jsonl/1a15.a.pkl,1,homomer,67,67
118,1b33.n,./pkl/jsonl/1b33.n.pkl,1,homomer,67,67
119,1bw5.a,./pkl/jsonl/1bw5.a.pkl,1,homomer,66,66
120,1ame.a,./pkl/jsonl/1ame.a.pkl,1,homomer,66,66
121,1azp.a,./pkl/jsonl/1azp.a.pkl,1,homomer,66,66
122,1bha.a,./pkl/jsonl/1bha.a.pkl,1,homomer,66,66
123,1bcc.h,./pkl/jsonl/1bcc.h.pkl,1,homomer,66,66
124,1c5a.a,./pkl/jsonl/1c5a.a.pkl,1,homomer,65,65
125,1dli.a,./pkl/jsonl/1dli.a.pkl,1,homomer,402,402
126,1d1m.a,./pkl/jsonl/1d1m.a.pkl,1,homomer,65,65
127,1a0a.a,./pkl/jsonl/1a0a.a.pkl,1,homomer,63,63
128,1cse.i,./pkl/jsonl/1cse.i.pkl,1,homomer,63,63
129,1aiw.a,./pkl/jsonl/1aiw.a.pkl,1,homomer,62,62
130,1eai.c,./pkl/jsonl/1eai.c.pkl,1,homomer,61,61
131,1e0b.a,./pkl/jsonl/1e0b.a.pkl,1,homomer,61,61
132,1dtd.b,./pkl/jsonl/1dtd.b.pkl,1,homomer,61,61
133,1a7i.a,./pkl/jsonl/1a7i.a.pkl,1,homomer,60,60
134,1avo.a,./pkl/jsonl/1avo.a.pkl,1,homomer,60,60
135,1d0d.a,./pkl/jsonl/1d0d.a.pkl,1,homomer,60,60
136,1dlj.a,./pkl/jsonl/1dlj.a.pkl,1,homomer,402,402
137,1cb9.a,./pkl/jsonl/1cb9.a.pkl,1,homomer,60,60
138,1dem.a,./pkl/jsonl/1dem.a.pkl,1,homomer,60,60
139,1d8w.a,./pkl/jsonl/1d8w.a.pkl,1,homomer,402,402
140,1evl.a,./pkl/jsonl/1evl.a.pkl,1,homomer,401,401
141,1aye.a,./pkl/jsonl/1aye.a.pkl,1,homomer,401,401
142,1e5d.a,./pkl/jsonl/1e5d.a.pkl,1,homomer,401,401
143,1chm.a,./pkl/jsonl/1chm.a.pkl,1,homomer,401,401
144,1cmj.a,./pkl/jsonl/1cmj.a.pkl,1,homomer,399,399
145,1bqg.a,./pkl/jsonl/1bqg.a.pkl,1,homomer,399,399
146,1e43.a,./pkl/jsonl/1e43.a.pkl,1,homomer,483,483
147,1dym.a,./pkl/jsonl/1dym.a.pkl,1,homomer,398,398
148,1dt9.a,./pkl/jsonl/1dt9.a.pkl,1,homomer,398,398
149,1c5k.a,./pkl/jsonl/1c5k.a.pkl,1,homomer,397,397
150,1aam.a,./pkl/jsonl/1aam.a.pkl,1,homomer,396,396
151,1dqa.d,./pkl/jsonl/1dqa.d.pkl,1,homomer,396,396
152,1c7n.a,./pkl/jsonl/1c7n.a.pkl,1,homomer,394,394
153,1ef0.b,./pkl/jsonl/1ef0.b.pkl,1,homomer,394,394
154,1cz1.a,./pkl/jsonl/1cz1.a.pkl,1,homomer,394,394
155,1e5e.a,./pkl/jsonl/1e5e.a.pkl,1,homomer,394,394
156,1euc.b,./pkl/jsonl/1euc.b.pkl,1,homomer,394,394
157,1e40.a,./pkl/jsonl/1e40.a.pkl,1,homomer,483,483
158,1dob.a,./pkl/jsonl/1dob.a.pkl,1,homomer,394,394
159,1d2k.a,./pkl/jsonl/1d2k.a.pkl,1,homomer,392,392
160,1bf3.a,./pkl/jsonl/1bf3.a.pkl,1,homomer,391,391
161,1bih.a,./pkl/jsonl/1bih.a.pkl,1,homomer,391,391
162,1cl1.a,./pkl/jsonl/1cl1.a.pkl,1,homomer,391,391
163,1b9v.a,./pkl/jsonl/1b9v.a.pkl,1,homomer,390,390
164,1afw.a,./pkl/jsonl/1afw.a.pkl,1,homomer,390,390
165,1a5a.b,./pkl/jsonl/1a5a.b.pkl,1,homomer,389,389
166,1cg2.a,./pkl/jsonl/1cg2.a.pkl,1,homomer,389,389
167,1bi5.a,./pkl/jsonl/1bi5.a.pkl,1,homomer,389,389
168,1ac5.a,./pkl/jsonl/1ac5.a.pkl,1,homomer,483,483
169,1dm3.a,./pkl/jsonl/1dm3.a.pkl,1,homomer,389,389
170,1bxb.a,./pkl/jsonl/1bxb.a.pkl,1,homomer,387,387
171,1egd.a,./pkl/jsonl/1egd.a.pkl,1,homomer,387,387
172,1el9.a,./pkl/jsonl/1el9.a.pkl,1,homomer,385,385
173,1dof.a,./pkl/jsonl/1dof.a.pkl,1,homomer,385,385
174,1b9h.a,./pkl/jsonl/1b9h.a.pkl,1,homomer,384,384
175,1cs1.a,./pkl/jsonl/1cs1.a.pkl,1,homomer,384,384
176,1atr.a,./pkl/jsonl/1atr.a.pkl,1,homomer,383,383
177,1bs0.a,./pkl/jsonl/1bs0.a.pkl,1,homomer,383,383
178,1buc.a,./pkl/jsonl/1buc.a.pkl,1,homomer,383,383
179,1ccw.b,./pkl/jsonl/1ccw.b.pkl,1,homomer,483,483
180,1cs6.a,./pkl/jsonl/1cs6.a.pkl,1,homomer,382,382
181,1aqi.a,./pkl/jsonl/1aqi.a.pkl,1,homomer,382,382
182,1elu.a,./pkl/jsonl/1elu.a.pkl,1,homomer,381,381
183,1e4g.t,./pkl/jsonl/1e4g.t.pkl,1,homomer,380,380
184,1a7l.a,./pkl/jsonl/1a7l.a.pkl,1,homomer,380,380
185,1elj.a,./pkl/jsonl/1elj.a.pkl,1,homomer,380,380
186,1a9x.b,./pkl/jsonl/1a9x.b.pkl,1,homomer,379,379
187,1db2.a,./pkl/jsonl/1db2.a.pkl,1,homomer,377,377
188,1a59.a,./pkl/jsonl/1a59.a.pkl,1,homomer,377,377
189,1ci9.a,./pkl/jsonl/1ci9.a.pkl,1,homomer,377,377
190,1aog.b,./pkl/jsonl/1aog.b.pkl,1,homomer,482,482
191,1bhe.a,./pkl/jsonl/1bhe.a.pkl,1,homomer,376,376
192,1ddg.a,./pkl/jsonl/1ddg.a.pkl,1,homomer,374,374
193,1cdo.a,./pkl/jsonl/1cdo.a.pkl,1,homomer,374,374
194,1aip.a,./pkl/jsonl/1aip.a.pkl,1,homomer,373,373
195,1c0t.b,./pkl/jsonl/1c0t.b.pkl,1,homomer,373,373
196,1cf1.a,./pkl/jsonl/1cf1.a.pkl,1,homomer,373,373
197,1c3p.a,./pkl/jsonl/1c3p.a.pkl,1,homomer,372,372
198,1b7e.a,./pkl/jsonl/1b7e.a.pkl,1,homomer,372,372
199,1aip.e,./pkl/jsonl/1aip.e.pkl,1,homomer,372,372
200,1efz.a,./pkl/jsonl/1efz.a.pkl,1,homomer,371,371
201,1bli.a,./pkl/jsonl/1bli.a.pkl,1,homomer,481,481
202,1ca1.a,./pkl/jsonl/1ca1.a.pkl,1,homomer,370,370
203,1b3q.b,./pkl/jsonl/1b3q.b.pkl,1,homomer,370,370
204,1c0g.a,./pkl/jsonl/1c0g.a.pkl,1,homomer,368,368
205,1b3q.a,./pkl/jsonl/1b3q.a.pkl,1,homomer,368,368
206,1ecx.a,./pkl/jsonl/1ecx.a.pkl,1,homomer,364,364
207,1cnz.a,./pkl/jsonl/1cnz.a.pkl,1,homomer,363,363
208,1ayr.b,./pkl/jsonl/1ayr.b.pkl,1,homomer,363,363
209,1b65.a,./pkl/jsonl/1b65.a.pkl,1,homomer,363,363
210,1c0p.a,./pkl/jsonl/1c0p.a.pkl,1,homomer,363,363
211,1ado.a,./pkl/jsonl/1ado.a.pkl,1,homomer,363,363
212,1auk.a,./pkl/jsonl/1auk.a.pkl,1,homomer,481,481
213,1d2f.a,./pkl/jsonl/1d2f.a.pkl,1,homomer,361,361
214,1eur.a,./pkl/jsonl/1eur.a.pkl,1,homomer,361,361
215,1bjn.a,./pkl/jsonl/1bjn.a.pkl,1,homomer,360,360
216,1ehi.a,./pkl/jsonl/1ehi.a.pkl,1,homomer,360,360
217,1dos.a,./pkl/jsonl/1dos.a.pkl,1,homomer,358,358
218,1ebf.a,./pkl/jsonl/1ebf.a.pkl,1,homomer,358,358
219,1ece.a,./pkl/jsonl/1ece.a.pkl,1,homomer,358,358
220,1dtn.a,./pkl/jsonl/1dtn.a.pkl,1,homomer,357,357
221,1brm.a,./pkl/jsonl/1brm.a.pkl,1,homomer,356,356
222,1cjx.a,./pkl/jsonl/1cjx.a.pkl,1,homomer,352,352
223,1euh.a,./pkl/jsonl/1euh.a.pkl,1,homomer,474,474
224,1cjx.b,./pkl/jsonl/1cjx.b.pkl,1,homomer,352,352
225,1b6s.a,./pkl/jsonl/1b6s.a.pkl,1,homomer,351,351
226,1c4z.a,./pkl/jsonl/1c4z.a.pkl,1,homomer,350,350
227,1bvp.1,./pkl/jsonl/1bvp.1.pkl,1,homomer,349,349
228,1bg6.a,./pkl/jsonl/1bg6.a.pkl,1,homomer,349,349
229,1c1d.a,./pkl/jsonl/1c1d.a.pkl,1,homomer,349,349
230,1bxg.a,./pkl/jsonl/1bxg.a.pkl,1,homomer,349,349
231,1erj.b,./pkl/jsonl/1erj.b.pkl,1,homomer,348,348
232,1e3j.a,./pkl/jsonl/1e3j.a.pkl,1,homomer,348,348
233,1bwd.a,./pkl/jsonl/1bwd.a.pkl,1,homomer,348,348
234,1e6p.a,./pkl/jsonl/1e6p.a.pkl,1,homomer,497,497
235,1bj4.a,./pkl/jsonl/1bj4.a.pkl,1,homomer,470,470
236,1a2o.a,./pkl/jsonl/1a2o.a.pkl,1,homomer,347,347
237,1e5w.a,./pkl/jsonl/1e5w.a.pkl,1,homomer,346,346
238,1dgm.a,./pkl/jsonl/1dgm.a.pkl,1,homomer,346,346
239,1ek6.a,./pkl/jsonl/1ek6.a.pkl,1,homomer,346,346
240,1e5n.a,./pkl/jsonl/1e5n.a.pkl,1,homomer,346,346
241,1evy.a,./pkl/jsonl/1evy.a.pkl,1,homomer,346,346
242,1d0s.a,./pkl/jsonl/1d0s.a.pkl,1,homomer,346,346
243,1dys.a,./pkl/jsonl/1dys.a.pkl,1,homomer,345,345
244,1e4e.a,./pkl/jsonl/1e4e.a.pkl,1,homomer,341,341
245,1apm.e,./pkl/jsonl/1apm.e.pkl,1,homomer,341,341
246,1af0.a,./pkl/jsonl/1af0.a.pkl,1,homomer,470,470
247,1bxk.a,./pkl/jsonl/1bxk.a.pkl,1,homomer,341,341
248,1a99.a,./pkl/jsonl/1a99.a.pkl,1,homomer,341,341
249,1dbh.a,./pkl/jsonl/1dbh.a.pkl,1,homomer,340,340
250,1an9.a,./pkl/jsonl/1an9.a.pkl,1,homomer,340,340
251,1bt9.a,./pkl/jsonl/1bt9.a.pkl,1,homomer,340,340
252,1biq.a,./pkl/jsonl/1biq.a.pkl,1,homomer,340,340
253,1b7g.o,./pkl/jsonl/1b7g.o.pkl,1,homomer,340,340
254,1evj.a,./pkl/jsonl/1evj.a.pkl,1,homomer,340,340
255,1azt.b,./pkl/jsonl/1azt.b.pkl,1,homomer,340,340
256,1e4e.b,./pkl/jsonl/1e4e.b.pkl,1,homomer,340,340
257,1dnp.a,./pkl/jsonl/1dnp.a.pkl,1,homomer,469,469
258,1b43.a,./pkl/jsonl/1b43.a.pkl,1,homomer,339,339
259,1a0r.b,./pkl/jsonl/1a0r.b.pkl,1,homomer,339,339
260,1a9y.a,./pkl/jsonl/1a9y.a.pkl,1,homomer,338,338
261,1dki.c,./pkl/jsonl/1dki.c.pkl,1,homomer,337,337
262,1evj.c,./pkl/jsonl/1evj.c.pkl,1,homomer,337,337
263,1bt3.a,./pkl/jsonl/1bt3.a.pkl,1,homomer,336,336
264,1c8i.a,./pkl/jsonl/1c8i.a.pkl,1,homomer,336,336
265,1as4.a,./pkl/jsonl/1as4.a.pkl,1,homomer,336,336
266,1dxh.a,./pkl/jsonl/1dxh.a.pkl,1,homomer,335,335
267,1db3.a,./pkl/jsonl/1db3.a.pkl,1,homomer,335,335
268,1cxp.c,./pkl/jsonl/1cxp.c.pkl,1,homomer,466,466
269,1dss.g,./pkl/jsonl/1dss.g.pkl,1,homomer,333,333
270,1b63.a,./pkl/jsonl/1b63.a.pkl,1,homomer,333,333
271,1bq5.a,./pkl/jsonl/1bq5.a.pkl,1,homomer,333,333
272,1crw.g,./pkl/jsonl/1crw.g.pkl,1,homomer,333,333
273,1e54.a,./pkl/jsonl/1e54.a.pkl,1,homomer,332,332
274,1a0i.a,./pkl/jsonl/1a0i.a.pkl,1,homomer,332,332
275,1agx.a,./pkl/jsonl/1agx.a.pkl,1,homomer,331,331
276,1cec.a,./pkl/jsonl/1cec.a.pkl,1,homomer,331,331
277,1dxy.a,./pkl/jsonl/1dxy.a.pkl,1,homomer,330,330
278,1dpj.a,./pkl/jsonl/1dpj.a.pkl,1,homomer,329,329
279,1ax4.a,./pkl/jsonl/1ax4.a.pkl,1,homomer,465,465
280,1cm8.a,./pkl/jsonl/1cm8.a.pkl,1,homomer,329,329
281,1dpm.a,./pkl/jsonl/1dpm.a.pkl,1,homomer,329,329
282,1efa.a,./pkl/jsonl/1efa.a.pkl,1,homomer,328,328
283,1cja.a,./pkl/jsonl/1cja.a.pkl,1,homomer,327,327
284,1b8p.a,./pkl/jsonl/1b8p.a.pkl,1,homomer,327,327
285,12as.a,./pkl/jsonl/12as.a.pkl,1,homomer,327,327
286,1aw5.a,./pkl/jsonl/1aw5.a.pkl,1,homomer,326,326
287,1bo1.a,./pkl/jsonl/1bo1.a.pkl,1,homomer,326,326
288,1cli.b,./pkl/jsonl/1cli.b.pkl,1,homomer,325,325
289,1dct.a,./pkl/jsonl/1dct.a.pkl,1,homomer,324,324
290,1b37.a,./pkl/jsonl/1b37.a.pkl,1,homomer,459,459
291,1am5.a,./pkl/jsonl/1am5.a.pkl,1,homomer,324,324
292,1bxo.a,./pkl/jsonl/1bxo.a.pkl,1,homomer,323,323
293,1b4e.a,./pkl/jsonl/1b4e.a.pkl,1,homomer,323,323
294,1ds1.a,./pkl/jsonl/1ds1.a.pkl,1,homomer,323,323
295,1a5t.a,./pkl/jsonl/1a5t.a.pkl,1,homomer,323,323
296,1a40.a,./pkl/jsonl/1a40.a.pkl,1,homomer,321,321
297,1c8b.a,./pkl/jsonl/1c8b.a.pkl,1,homomer,320,320
298,1b89.a,./pkl/jsonl/1b89.a.pkl,1,homomer,319,319
299,1afs.a,./pkl/jsonl/1afs.a.pkl,1,homomer,319,319
300,1bml.c,./pkl/jsonl/1bml.c.pkl,1,homomer,318,318
301,1ewf.a,./pkl/jsonl/1ewf.a.pkl,1,homomer,456,456
302,1ebl.a,./pkl/jsonl/1ebl.a.pkl,1,homomer,317,317
303,1dl5.a,./pkl/jsonl/1dl5.a.pkl,1,homomer,317,317
304,1dbz.a,./pkl/jsonl/1dbz.a.pkl,1,homomer,317,317
305,1eb7.a,./pkl/jsonl/1eb7.a.pkl,1,homomer,317,317
306,1ckm.a,./pkl/jsonl/1ckm.a.pkl,1,homomer,317,317
307,1bc0.a,./pkl/jsonl/1bc0.a.pkl,1,homomer,317,317
308,1bsv.a,./pkl/jsonl/1bsv.a.pkl,1,homomer,317,317
309,1edz.a,./pkl/jsonl/1edz.a.pkl,1,homomer,317,317
310,1cip.a,./pkl/jsonl/1cip.a.pkl,1,homomer,316,316
311,1cvl.a,./pkl/jsonl/1cvl.a.pkl,1,homomer,316,316
312,1bp1.a,./pkl/jsonl/1bp1.a.pkl,1,homomer,456,456
313,1anx.a,./pkl/jsonl/1anx.a.pkl,1,homomer,316,316
314,1dk5.a,./pkl/jsonl/1dk5.a.pkl,1,homomer,316,316
315,1bo7.a,./pkl/jsonl/1bo7.a.pkl,1,homomer,316,316
316,1a76.a,./pkl/jsonl/1a76.a.pkl,1,homomer,315,315
317,1e6u.a,./pkl/jsonl/1e6u.a.pkl,1,homomer,315,315
318,1bk4.a,./pkl/jsonl/1bk4.a.pkl,1,homomer,314,314
319,1eqn.b,./pkl/jsonl/1eqn.b.pkl,1,homomer,313,313
320,1azw.a,./pkl/jsonl/1azw.a.pkl,1,homomer,313,313
321,1esm.a,./pkl/jsonl/1esm.a.pkl,1,homomer,311,311
322,16vp.a,./pkl/jsonl/16vp.a.pkl,1,homomer,311,311
323,1dfj.i,./pkl/jsonl/1dfj.i.pkl,1,homomer,456,456
324,1ep3.a,./pkl/jsonl/1ep3.a.pkl,1,homomer,311,311
325,1dc1.a,./pkl/jsonl/1dc1.a.pkl,1,homomer,310,310
326,1dd9.a,./pkl/jsonl/1dd9.a.pkl,1,homomer,310,310
327,1b6g.a,./pkl/jsonl/1b6g.a.pkl,1,homomer,310,310
328,1b04.a,./pkl/jsonl/1b04.a.pkl,1,homomer,310,310
329,1d9y.a,./pkl/jsonl/1d9y.a.pkl,1,homomer,309,309
330,1dmh.a,./pkl/jsonl/1dmh.a.pkl,1,homomer,309,309
331,1bgp.a,./pkl/jsonl/1bgp.a.pkl,1,homomer,309,309
332,1aow.a,./pkl/jsonl/1aow.a.pkl,1,homomer,309,309
333,1d5r.a,./pkl/jsonl/1d5r.a.pkl,1,homomer,307,307
334,1aop.a,./pkl/jsonl/1aop.a.pkl,1,homomer,456,456
335,1eq2.d,./pkl/jsonl/1eq2.d.pkl,1,homomer,307,307
336,1efp.a,./pkl/jsonl/1efp.a.pkl,1,homomer,307,307
337,1e2j.a,./pkl/jsonl/1e2j.a.pkl,1,homomer,306,306
338,1euc.a,./pkl/jsonl/1euc.a.pkl,1,homomer,306,306
339,1aq0.a,./pkl/jsonl/1aq0.a.pkl,1,homomer,306,306
340,1abe.a,./pkl/jsonl/1abe.a.pkl,1,homomer,305,305
341,1bap.a,./pkl/jsonl/1bap.a.pkl,1,homomer,305,305
342,1blx.a,./pkl/jsonl/1blx.a.pkl,1,homomer,305,305
343,1ea6.a,./pkl/jsonl/1ea6.a.pkl,1,homomer,304,304
344,1ceq.a,./pkl/jsonl/1ceq.a.pkl,1,homomer,304,304
345,1dgf.a,./pkl/jsonl/1dgf.a.pkl,1,homomer,497,497
346,1cjc.a,./pkl/jsonl/1cjc.a.pkl,1,homomer,455,455
347,1elv.a,./pkl/jsonl/1elv.a.pkl,1,homomer,303,303
348,1erz.a,./pkl/jsonl/1erz.a.pkl,1,homomer,303,303
349,1dki.a,./pkl/jsonl/1dki.a.pkl,1,homomer,303,303
350,1bqc.a,./pkl/jsonl/1bqc.a.pkl,1,homomer,302,302
351,1b30.a,./pkl/jsonl/1b30.a.pkl,1,homomer,302,302
352,1esc.a,./pkl/jsonl/1esc.a.pkl,1,homomer,302,302
353,1e6d.m,./pkl/jsonl/1e6d.m.pkl,1,homomer,302,302
354,1bqb.a,./pkl/jsonl/1bqb.a.pkl,1,homomer,301,301
355,1c8o.a,./pkl/jsonl/1c8o.a.pkl,1,homomer,300,300
356,1ah5.a,./pkl/jsonl/1ah5.a.pkl,1,homomer,299,299
357,1ebd.a,./pkl/jsonl/1ebd.a.pkl,1,homomer,455,455
358,1dmu.a,./pkl/jsonl/1dmu.a.pkl,1,homomer,299,299
359,1ds8.m,./pkl/jsonl/1ds8.m.pkl,1,homomer,299,299
360,1cpo.a,./pkl/jsonl/1cpo.a.pkl,1,homomer,299,299
361,1b4u.b,./pkl/jsonl/1b4u.b.pkl,1,homomer,298,298
362,1a48.a,./pkl/jsonl/1a48.a.pkl,1,homomer,298,298
363,1a87.a,./pkl/jsonl/1a87.a.pkl,1,homomer,297,297
364,1e9h.a,./pkl/jsonl/1e9h.a.pkl,1,homomer,296,296
365,1cwu.a,./pkl/jsonl/1cwu.a.pkl,1,homomer,296,296
366,1aua.a,./pkl/jsonl/1aua.a.pkl,1,homomer,296,296
367,1b2r.a,./pkl/jsonl/1b2r.a.pkl,1,homomer,295,295
368,1ao0.a,./pkl/jsonl/1ao0.a.pkl,1,homomer,455,455
369,1bco.a,./pkl/jsonl/1bco.a.pkl,1,homomer,295,295
370,1ev7.a,./pkl/jsonl/1ev7.a.pkl,1,homomer,295,295
371,1e62.a,./pkl/jsonl/1e62.a.pkl,1,homomer,295,295
372,1a3g.a,./pkl/jsonl/1a3g.a.pkl,1,homomer,295,295
373,1ctt.a,./pkl/jsonl/1ctt.a.pkl,1,homomer,294,294
374,1ef1.a,./pkl/jsonl/1ef1.a.pkl,1,homomer,294,294
375,1ev7.b,./pkl/jsonl/1ev7.b.pkl,1,homomer,293,293
376,1csn.a,./pkl/jsonl/1csn.a.pkl,1,homomer,293,293
377,1boh.a,./pkl/jsonl/1boh.a.pkl,1,homomer,293,293
378,1ega.a,./pkl/jsonl/1ega.a.pkl,1,homomer,292,292
379,1dq3.a,./pkl/jsonl/1dq3.a.pkl,1,homomer,454,454
380,1bia.a,./pkl/jsonl/1bia.a.pkl,1,homomer,292,292
381,19hc.a,./pkl/jsonl/19hc.a.pkl,1,homomer,292,292
382,1auv.a,./pkl/jsonl/1auv.a.pkl,1,homomer,292,292
383,1d2g.a,./pkl/jsonl/1d2g.a.pkl,1,homomer,292,292
384,1a2f.a,./pkl/jsonl/1a2f.a.pkl,1,homomer,291,291
385,1bn6.a,./pkl/jsonl/1bn6.a.pkl,1,homomer,291,291
386,1bek.a,./pkl/jsonl/1bek.a.pkl,1,homomer,291,291
387,1bf6.a,./pkl/jsonl/1bf6.a.pkl,1,homomer,291,291
388,1d3y.b,./pkl/jsonl/1d3y.b.pkl,1,homomer,290,290
389,1di1.a,./pkl/jsonl/1di1.a.pkl,1,homomer,290,290
390,1a8d.a,./pkl/jsonl/1a8d.a.pkl,1,homomer,452,452
391,1bh3.a,./pkl/jsonl/1bh3.a.pkl,1,homomer,289,289
392,1d3y.a,./pkl/jsonl/1d3y.a.pkl,1,homomer,289,289
393,1d8h.a,./pkl/jsonl/1d8h.a.pkl,1,homomer,288,288
394,1d5y.b,./pkl/jsonl/1d5y.b.pkl,1,homomer,288,288
395,1dle.a,./pkl/jsonl/1dle.a.pkl,1,homomer,288,288
396,1adu.b,./pkl/jsonl/1adu.b.pkl,1,homomer,286,286
397,1a3q.a,./pkl/jsonl/1a3q.a.pkl,1,homomer,285,285
398,1eam.a,./pkl/jsonl/1eam.a.pkl,1,homomer,285,285
399,1a4i.a,./pkl/jsonl/1a4i.a.pkl,1,homomer,285,285
400,1c8u.a,./pkl/jsonl/1c8u.a.pkl,1,homomer,285,285
401,1e5x.a,./pkl/jsonl/1e5x.a.pkl,1,homomer,451,451
402,1bpe.a,./pkl/jsonl/1bpe.a.pkl,1,homomer,284,284
403,1c3q.a,./pkl/jsonl/1c3q.a.pkl,1,homomer,284,284
404,1a5y.a,./pkl/jsonl/1a5y.a.pkl,1,homomer,284,284
405,1e9g.b,./pkl/jsonl/1e9g.b.pkl,1,homomer,283,283
406,1cfr.a,./pkl/jsonl/1cfr.a.pkl,1,homomer,283,283
407,1boo.a,./pkl/jsonl/1boo.a.pkl,1,homomer,282,282
408,1ehy.a,./pkl/jsonl/1ehy.a.pkl,1,homomer,282,282
409,1b35.c,./pkl/jsonl/1b35.c.pkl,1,homomer,282,282
410,1a9q.a,./pkl/jsonl/1a9q.a.pkl,1,homomer,282,282
411,1dle.b,./pkl/jsonl/1dle.b.pkl,1,homomer,282,282
412,1dv2.a,./pkl/jsonl/1dv2.a.pkl,1,homomer,450,450
413,1efu.b,./pkl/jsonl/1efu.b.pkl,1,homomer,282,282
414,1eok.a,./pkl/jsonl/1eok.a.pkl,1,homomer,282,282
415,1c4x.a,./pkl/jsonl/1c4x.a.pkl,1,homomer,281,281
416,1a0g.a,./pkl/jsonl/1a0g.a.pkl,1,homomer,280,280
417,1a7j.a,./pkl/jsonl/1a7j.a.pkl,1,homomer,279,279
418,1dcs.a,./pkl/jsonl/1dcs.a.pkl,1,homomer,279,279
419,1ei9.a,./pkl/jsonl/1ei9.a.pkl,1,homomer,279,279
420,1bkp.a,./pkl/jsonl/1bkp.a.pkl,1,homomer,278,278
421,1e25.a,./pkl/jsonl/1e25.a.pkl,1,homomer,278,278
422,1a8u.a,./pkl/jsonl/1a8u.a.pkl,1,homomer,277,277
423,1bgv.a,./pkl/jsonl/1bgv.a.pkl,1,homomer,449,449
424,1dcq.a,./pkl/jsonl/1dcq.a.pkl,1,homomer,276,276
425,1dbq.a,./pkl/jsonl/1dbq.a.pkl,1,homomer,276,276
426,1cc1.s,./pkl/jsonl/1cc1.s.pkl,1,homomer,275,275
427,1bix.a,./pkl/jsonl/1bix.a.pkl,1,homomer,275,275
428,1dci.a,./pkl/jsonl/1dci.a.pkl,1,homomer,275,275
429,1b5t.a,./pkl/jsonl/1b5t.a.pkl,1,homomer,275,275
430,1e2t.a,./pkl/jsonl/1e2t.a.pkl,1,homomer,274,274
431,1bwz.a,./pkl/jsonl/1bwz.a.pkl,1,homomer,274,274
432,1af7.a,./pkl/jsonl/1af7.a.pkl,1,homomer,274,274
433,1dxr.l,./pkl/jsonl/1dxr.l.pkl,1,homomer,273,273
434,1cru.a,./pkl/jsonl/1cru.a.pkl,1,homomer,448,448
435,1eq2.a,./pkl/jsonl/1eq2.a.pkl,1,homomer,273,273
436,1d4a.a,./pkl/jsonl/1d4a.a.pkl,1,homomer,273,273
437,1a6z.a,./pkl/jsonl/1a6z.a.pkl,1,homomer,272,272
438,1dih.a,./pkl/jsonl/1dih.a.pkl,1,homomer,272,272
439,1a0p.a,./pkl/jsonl/1a0p.a.pkl,1,homomer,271,271
440,1drk.a,./pkl/jsonl/1drk.a.pkl,1,homomer,271,271
441,1ba2.a,./pkl/jsonl/1ba2.a.pkl,1,homomer,271,271
442,1dyp.a,./pkl/jsonl/1dyp.a.pkl,1,homomer,271,271
443,1e0c.a,./pkl/jsonl/1e0c.a.pkl,1,homomer,271,271
444,1eg2.a,./pkl/jsonl/1eg2.a.pkl,1,homomer,270,270
445,1ewk.a,./pkl/jsonl/1ewk.a.pkl,1,homomer,448,448
446,1cov.1,./pkl/jsonl/1cov.1.pkl,1,homomer,269,269
447,1cp2.a,./pkl/jsonl/1cp2.a.pkl,1,homomer,269,269
448,1ah2.a,./pkl/jsonl/1ah2.a.pkl,1,homomer,269,269
449,1ar7.2,./pkl/jsonl/1ar7.2.pkl,1,homomer,268,268
450,1bev.1,./pkl/jsonl/1bev.1.pkl,1,homomer,268,268
451,1ako.a,./pkl/jsonl/1ako.a.pkl,1,homomer,268,268
452,1dml.a,./pkl/jsonl/1dml.a.pkl,1,homomer,267,267
453,1bdb.a,./pkl/jsonl/1bdb.a.pkl,1,homomer,267,267
454,1dqw.a,./pkl/jsonl/1dqw.a.pkl,1,homomer,267,267
455,1eqf.a,./pkl/jsonl/1eqf.a.pkl,1,homomer,267,267
456,1e8c.a,./pkl/jsonl/1e8c.a.pkl,1,homomer,495,495
457,1auw.a,./pkl/jsonl/1auw.a.pkl,1,homomer,447,447
458,1ee8.a,./pkl/jsonl/1ee8.a.pkl,1,homomer,266,266
459,1a5i.a,./pkl/jsonl/1a5i.a.pkl,1,homomer,265,265
460,1c3f.a,./pkl/jsonl/1c3f.a.pkl,1,homomer,265,265
461,1bue.a,./pkl/jsonl/1bue.a.pkl,1,homomer,265,265
462,1b7y.a,./pkl/jsonl/1b7y.a.pkl,1,homomer,265,265
463,1c8z.a,./pkl/jsonl/1c8z.a.pkl,1,homomer,265,265
464,1ak0.a,./pkl/jsonl/1ak0.a.pkl,1,homomer,264,264
465,1ad1.a,./pkl/jsonl/1ad1.a.pkl,1,homomer,264,264
466,1dj0.a,./pkl/jsonl/1dj0.a.pkl,1,homomer,264,264
467,1arb.a,./pkl/jsonl/1arb.a.pkl,1,homomer,263,263
468,1bu8.a,./pkl/jsonl/1bu8.a.pkl,1,homomer,446,446
469,1e69.a,./pkl/jsonl/1e69.a.pkl,1,homomer,263,263
470,1dm0.l,./pkl/jsonl/1dm0.l.pkl,1,homomer,262,262
471,1efd.n,./pkl/jsonl/1efd.n.pkl,1,homomer,262,262
472,1e5r.b,./pkl/jsonl/1e5r.b.pkl,1,homomer,262,262
473,1dwo.a,./pkl/jsonl/1dwo.a.pkl,1,homomer,262,262
474,1e3d.a,./pkl/jsonl/1e3d.a.pkl,1,homomer,262,262
475,1cl8.a,./pkl/jsonl/1cl8.a.pkl,1,homomer,261,261
476,1ep3.b,./pkl/jsonl/1ep3.b.pkl,1,homomer,261,261
477,1deu.b,./pkl/jsonl/1deu.b.pkl,1,homomer,261,261
478,1cne.a,./pkl/jsonl/1cne.a.pkl,1,homomer,260,260
479,1e8u.a,./pkl/jsonl/1e8u.a.pkl,1,homomer,446,446
480,1es6.a,./pkl/jsonl/1es6.a.pkl,1,homomer,260,260
481,1eg3.a,./pkl/jsonl/1eg3.a.pkl,1,homomer,260,260
482,1b8x.a,./pkl/jsonl/1b8x.a.pkl,1,homomer,260,260
483,1c16.a,./pkl/jsonl/1c16.a.pkl,1,homomer,260,260
484,1b35.a,./pkl/jsonl/1b35.a.pkl,1,homomer,260,260
485,1es2.a,./pkl/jsonl/1es2.a.pkl,1,homomer,260,260
486,1dx5.m,./pkl/jsonl/1dx5.m.pkl,1,homomer,259,259
487,1atn.d,./pkl/jsonl/1atn.d.pkl,1,homomer,258,258
488,1dxr.h,./pkl/jsonl/1dxr.h.pkl,1,homomer,258,258
489,1e7w.b,./pkl/jsonl/1e7w.b.pkl,1,homomer,258,258
490,1e0t.a,./pkl/jsonl/1e0t.a.pkl,1,homomer,446,446
491,1b9m.a,./pkl/jsonl/1b9m.a.pkl,1,homomer,258,258
492,1a8p.a,./pkl/jsonl/1a8p.a.pkl,1,homomer,257,257
493,1bkc.e,./pkl/jsonl/1bkc.e.pkl,1,homomer,256,256
494,1ef8.a,./pkl/jsonl/1ef8.a.pkl,1,homomer,256,256
495,1crm.a,./pkl/jsonl/1crm.a.pkl,1,homomer,256,256
496,1ce7.b,./pkl/jsonl/1ce7.b.pkl,1,homomer,255,255
497,1b35.b,./pkl/jsonl/1b35.b.pkl,1,homomer,255,255
498,1a5a.a,./pkl/jsonl/1a5a.a.pkl,1,homomer,255,255
499,1e7p.c,./pkl/jsonl/1e7p.c.pkl,1,homomer,254,254
500,1bg5.a,./pkl/jsonl/1bg5.a.pkl,1,homomer,254,254
501,1ad3.a,./pkl/jsonl/1ad3.a.pkl,1,homomer,446,446
502,1dxe.a,./pkl/jsonl/1dxe.a.pkl,1,homomer,253,253
503,1csm.a,./pkl/jsonl/1csm.a.pkl,1,homomer,252,252
504,1cfm.a,./pkl/jsonl/1cfm.a.pkl,1,homomer,251,251
505,1e3w.a,./pkl/jsonl/1e3w.a.pkl,1,homomer,251,251
506,1cyy.a,./pkl/jsonl/1cyy.a.pkl,1,homomer,250,250
507,1e3g.a,./pkl/jsonl/1e3g.a.pkl,1,homomer,250,250
508,1ci3.m,./pkl/jsonl/1ci3.m.pkl,1,homomer,249,249
509,1e6v.c,./pkl/jsonl/1e6v.c.pkl,1,homomer,248,248
510,1bui.a,./pkl/jsonl/1bui.a.pkl,1,homomer,247,247
511,1aoa.a,./pkl/jsonl/1aoa.a.pkl,1,homomer,247,247
512,1bxn.a,./pkl/jsonl/1bxn.a.pkl,1,homomer,445,445
513,1bry.y,./pkl/jsonl/1bry.y.pkl,1,homomer,247,247
514,1b9m.b,./pkl/jsonl/1b9m.b.pkl,1,homomer,247,247
515,1bmt.a,./pkl/jsonl/1bmt.a.pkl,1,homomer,246,246
516,1efp.b,./pkl/jsonl/1efp.b.pkl,1,homomer,246,246
517,1d2n.a,./pkl/jsonl/1d2n.a.pkl,1,homomer,246,246
518,1byg.a,./pkl/jsonl/1byg.a.pkl,1,homomer,246,246
519,1ah7.a,./pkl/jsonl/1ah7.a.pkl,1,homomer,245,245
520,1ae1.a,./pkl/jsonl/1ae1.a.pkl,1,homomer,245,245
521,1cy9.a,./pkl/jsonl/1cy9.a.pkl,1,homomer,245,245
522,1b96.a,./pkl/jsonl/1b96.a.pkl,1,homomer,244,244
523,1bdg.a,./pkl/jsonl/1bdg.a.pkl,1,homomer,444,444
524,1dpb.a,./pkl/jsonl/1dpb.a.pkl,1,homomer,243,243
525,1bd2.e,./pkl/jsonl/1bd2.e.pkl,1,homomer,242,242
526,1bpb.a,./pkl/jsonl/1bpb.a.pkl,1,homomer,242,242
527,1e3u.d,./pkl/jsonl/1e3u.d.pkl,1,homomer,242,242
528,1agj.a,./pkl/jsonl/1agj.a.pkl,1,homomer,242,242
529,1cyd.a,./pkl/jsonl/1cyd.a.pkl,1,homomer,242,242
530,1b5e.a,./pkl/jsonl/1b5e.a.pkl,1,homomer,241,241
531,1dek.a,./pkl/jsonl/1dek.a.pkl,1,homomer,241,241
532,1ce7.a,./pkl/jsonl/1ce7.a.pkl,1,homomer,241,241
533,1bcc.d,./pkl/jsonl/1bcc.d.pkl,1,homomer,241,241
534,1b0z.a,./pkl/jsonl/1b0z.a.pkl,1,homomer,442,442
535,1e12.a,./pkl/jsonl/1e12.a.pkl,1,homomer,239,239
536,1aut.c,./pkl/jsonl/1aut.c.pkl,1,homomer,239,239
537,1a52.a,./pkl/jsonl/1a52.a.pkl,1,homomer,239,239
538,1b12.a,./pkl/jsonl/1b12.a.pkl,1,homomer,239,239
539,1cr2.a,./pkl/jsonl/1cr2.a.pkl,1,homomer,239,239
540,1cbf.a,./pkl/jsonl/1cbf.a.pkl,1,homomer,239,239
541,1b5f.c,./pkl/jsonl/1b5f.c.pkl,1,homomer,238,238
542,1chk.a,./pkl/jsonl/1chk.a.pkl,1,homomer,238,238
543,1e9y.a,./pkl/jsonl/1e9y.a.pkl,1,homomer,238,238
544,1dbt.a,./pkl/jsonl/1dbt.a.pkl,1,homomer,237,237
545,1bcc.a,./pkl/jsonl/1bcc.a.pkl,1,homomer,442,442
546,1dgl.a,./pkl/jsonl/1dgl.a.pkl,1,homomer,237,237
547,1al3.a,./pkl/jsonl/1al3.a.pkl,1,homomer,237,237
548,1ao5.a,./pkl/jsonl/1ao5.a.pkl,1,homomer,236,236
549,1dhr.a,./pkl/jsonl/1dhr.a.pkl,1,homomer,236,236
550,1e1h.a,./pkl/jsonl/1e1h.a.pkl,1,homomer,235,235
551,1ekb.b,./pkl/jsonl/1ekb.b.pkl,1,homomer,235,235
552,1din.a,./pkl/jsonl/1din.a.pkl,1,homomer,233,233
553,1bdf.b,./pkl/jsonl/1bdf.b.pkl,1,homomer,232,232
554,1atg.a,./pkl/jsonl/1atg.a.pkl,1,homomer,231,231
555,1b54.a,./pkl/jsonl/1b54.a.pkl,1,homomer,230,230
556,1b8a.a,./pkl/jsonl/1b8a.a.pkl,1,homomer,438,438
557,1dqn.a,./pkl/jsonl/1dqn.a.pkl,1,homomer,230,230
558,1at9.a,./pkl/jsonl/1at9.a.pkl,1,homomer,230,230
559,1bkj.a,./pkl/jsonl/1bkj.a.pkl,1,homomer,230,230
560,1etz.b,./pkl/jsonl/1etz.b.pkl,1,homomer,228,228
561,1b77.a,./pkl/jsonl/1b77.a.pkl,1,homomer,228,228
562,1dyq.a,./pkl/jsonl/1dyq.a.pkl,1,homomer,228,228
563,1aol.a,./pkl/jsonl/1aol.a.pkl,1,homomer,227,227
564,1cby.a,./pkl/jsonl/1cby.a.pkl,1,homomer,227,227
565,1a7t.a,./pkl/jsonl/1a7t.a.pkl,1,homomer,227,227
566,1azz.a,./pkl/jsonl/1azz.a.pkl,1,homomer,226,226
567,1b2y.a,./pkl/jsonl/1b2y.a.pkl,1,homomer,495,495
568,1aa1.b,./pkl/jsonl/1aa1.b.pkl,1,homomer,438,438
569,1b12.c,./pkl/jsonl/1b12.c.pkl,1,homomer,226,226
570,1a8l.a,./pkl/jsonl/1a8l.a.pkl,1,homomer,226,226
571,1bdf.a,./pkl/jsonl/1bdf.a.pkl,1,homomer,226,226
572,1eke.b,./pkl/jsonl/1eke.b.pkl,1,homomer,225,225
573,1bcp.a,./pkl/jsonl/1bcp.a.pkl,1,homomer,224,224
574,1bd3.a,./pkl/jsonl/1bd3.a.pkl,1,homomer,224,224
575,1cq3.a,./pkl/jsonl/1cq3.a.pkl,1,homomer,224,224
576,1byi.a,./pkl/jsonl/1byi.a.pkl,1,homomer,224,224
577,1d2i.a,./pkl/jsonl/1d2i.a.pkl,1,homomer,223,223
578,1cjm.a,./pkl/jsonl/1cjm.a.pkl,1,homomer,223,223
579,1bvy.b,./pkl/jsonl/1bvy.b.pkl,1,homomer,438,438
580,1eke.a,./pkl/jsonl/1eke.a.pkl,1,homomer,222,222
581,1eq9.a,./pkl/jsonl/1eq9.a.pkl,1,homomer,222,222
582,1d2t.a,./pkl/jsonl/1d2t.a.pkl,1,homomer,222,222
583,1bol.a,./pkl/jsonl/1bol.a.pkl,1,homomer,222,222
584,1a8r.a,./pkl/jsonl/1a8r.a.pkl,1,homomer,221,221
585,1a41.a,./pkl/jsonl/1a41.a.pkl,1,homomer,221,221
586,1euv.a,./pkl/jsonl/1euv.a.pkl,1,homomer,221,221
587,1dxk.a,./pkl/jsonl/1dxk.a.pkl,1,homomer,221,221
588,1a7s.a,./pkl/jsonl/1a7s.a.pkl,1,homomer,221,221
589,1b48.a,./pkl/jsonl/1b48.a.pkl,1,homomer,221,221
590,1a0c.a,./pkl/jsonl/1a0c.a.pkl,1,homomer,437,437
591,1ak2.a,./pkl/jsonl/1ak2.a.pkl,1,homomer,220,220
592,1a2z.a,./pkl/jsonl/1a2z.a.pkl,1,homomer,220,220
593,1d1d.a,./pkl/jsonl/1d1d.a.pkl,1,homomer,220,220
594,1dkx.a,./pkl/jsonl/1dkx.a.pkl,1,homomer,219,219
595,1c8n.c,./pkl/jsonl/1c8n.c.pkl,1,homomer,219,219
596,1b1z.a,./pkl/jsonl/1b1z.a.pkl,1,homomer,218,218
597,1auo.a,./pkl/jsonl/1auo.a.pkl,1,homomer,218,218
598,1dvp.a,./pkl/jsonl/1dvp.a.pkl,1,homomer,217,217
599,1b4p.a,./pkl/jsonl/1b4p.a.pkl,1,homomer,217,217
600,1c1k.a,./pkl/jsonl/1c1k.a.pkl,1,homomer,217,217
601,1e6v.b,./pkl/jsonl/1e6v.b.pkl,1,homomer,436,436
602,1dn0.d,./pkl/jsonl/1dn0.d.pkl,1,homomer,217,217
603,1at3.a,./pkl/jsonl/1at3.a.pkl,1,homomer,217,217
604,1eej.a,./pkl/jsonl/1eej.a.pkl,1,homomer,216,216
605,1dlp.f,./pkl/jsonl/1dlp.f.pkl,1,homomer,216,216
606,1dbr.c,./pkl/jsonl/1dbr.c.pkl,1,homomer,215,215
607,1byu.b,./pkl/jsonl/1byu.b.pkl,1,homomer,215,215
608,1dvg.a,./pkl/jsonl/1dvg.a.pkl,1,homomer,214,214
609,1cmx.a,./pkl/jsonl/1cmx.a.pkl,1,homomer,214,214
610,1em2.a,./pkl/jsonl/1em2.a.pkl,1,homomer,214,214
611,1d6n.a,./pkl/jsonl/1d6n.a.pkl,1,homomer,214,214
612,1cel.a,./pkl/jsonl/1cel.a.pkl,1,homomer,434,434
613,1azo.a,./pkl/jsonl/1azo.a.pkl,1,homomer,214,214
614,1ct8.a,./pkl/jsonl/1ct8.a.pkl,1,homomer,214,214
615,1cia.a,./pkl/jsonl/1cia.a.pkl,1,homomer,213,213
616,1ap8.a,./pkl/jsonl/1ap8.a.pkl,1,homomer,213,213
617,1eer.c,./pkl/jsonl/1eer.c.pkl,1,homomer,213,213
618,1dwu.a,./pkl/jsonl/1dwu.a.pkl,1,homomer,213,213
619,1cun.a,./pkl/jsonl/1cun.a.pkl,1,homomer,213,213
620,1eua.a,./pkl/jsonl/1eua.a.pkl,1,homomer,213,213
621,1bwp.a,./pkl/jsonl/1bwp.a.pkl,1,homomer,212,212
622,1cvz.a,./pkl/jsonl/1cvz.a.pkl,1,homomer,212,212
623,1aja.b,./pkl/jsonl/1aja.b.pkl,1,homomer,434,434
624,1ajo.a,./pkl/jsonl/1ajo.a.pkl,1,homomer,212,212
625,1ahj.b,./pkl/jsonl/1ahj.b.pkl,1,homomer,212,212
626,1cke.a,./pkl/jsonl/1cke.a.pkl,1,homomer,212,212
627,1enf.a,./pkl/jsonl/1enf.a.pkl,1,homomer,212,212
628,1edh.a,./pkl/jsonl/1edh.a.pkl,1,homomer,211,211
629,1cvs.c,./pkl/jsonl/1cvs.c.pkl,1,homomer,211,211
630,1dzf.a,./pkl/jsonl/1dzf.a.pkl,1,homomer,211,211
631,1aug.a,./pkl/jsonl/1aug.a.pkl,1,homomer,210,210
632,17gs.a,./pkl/jsonl/17gs.a.pkl,1,homomer,210,210
633,1ekj.a,./pkl/jsonl/1ekj.a.pkl,1,homomer,210,210
634,1brw.a,./pkl/jsonl/1brw.a.pkl,1,homomer,433,433
635,1eu3.a,./pkl/jsonl/1eu3.a.pkl,1,homomer,210,210
636,1axd.a,./pkl/jsonl/1axd.a.pkl,1,homomer,209,209
637,1by1.a,./pkl/jsonl/1by1.a.pkl,1,homomer,209,209
638,1bqs.a,./pkl/jsonl/1bqs.a.pkl,1,homomer,209,209
639,1dzu.p,./pkl/jsonl/1dzu.p.pkl,1,homomer,209,209
640,1bqu.a,./pkl/jsonl/1bqu.a.pkl,1,homomer,208,208
641,1auq.a,./pkl/jsonl/1auq.a.pkl,1,homomer,208,208
642,1eog.a,./pkl/jsonl/1eog.a.pkl,1,homomer,208,208
643,1el6.a,./pkl/jsonl/1el6.a.pkl,1,homomer,208,208
644,1b06.a,./pkl/jsonl/1b06.a.pkl,1,homomer,208,208
645,1d5t.a,./pkl/jsonl/1d5t.a.pkl,1,homomer,433,433
646,1aun.a,./pkl/jsonl/1aun.a.pkl,1,homomer,208,208
647,1c9b.a,./pkl/jsonl/1c9b.a.pkl,1,homomer,207,207
648,1eia.a,./pkl/jsonl/1eia.a.pkl,1,homomer,207,207
649,1djs.a,./pkl/jsonl/1djs.a.pkl,1,homomer,206,206
650,1adq.a,./pkl/jsonl/1adq.a.pkl,1,homomer,206,206
651,1an8.a,./pkl/jsonl/1an8.a.pkl,1,homomer,206,206
652,1cd9.b,./pkl/jsonl/1cd9.b.pkl,1,homomer,206,206
653,1cmv.b,./pkl/jsonl/1cmv.b.pkl,1,homomer,206,206
654,1dow.a,./pkl/jsonl/1dow.a.pkl,1,homomer,205,205
655,1a04.a,./pkl/jsonl/1a04.a.pkl,1,homomer,205,205
656,1cvr.a,./pkl/jsonl/1cvr.a.pkl,1,homomer,432,432
657,1cfb.a,./pkl/jsonl/1cfb.a.pkl,1,homomer,205,205
658,1cd9.d,./pkl/jsonl/1cd9.d.pkl,1,homomer,204,204
659,1ci0.b,./pkl/jsonl/1ci0.b.pkl,1,homomer,204,204
660,1eo9.a,./pkl/jsonl/1eo9.a.pkl,1,homomer,202,202
661,1av1.a,./pkl/jsonl/1av1.a.pkl,1,homomer,201,201
662,1aox.a,./pkl/jsonl/1aox.a.pkl,1,homomer,201,201
663,1e9f.a,./pkl/jsonl/1e9f.a.pkl,1,homomer,201,201
664,1dto.a,./pkl/jsonl/1dto.a.pkl,1,homomer,200,200
665,1bnk.a,./pkl/jsonl/1bnk.a.pkl,1,homomer,200,200
666,1dr9.a,./pkl/jsonl/1dr9.a.pkl,1,homomer,200,200
667,1a1v.a,./pkl/jsonl/1a1v.a.pkl,1,homomer,432,432
668,1d02.b,./pkl/jsonl/1d02.b.pkl,1,homomer,200,200
669,1am4.a,./pkl/jsonl/1am4.a.pkl,1,homomer,199,199
670,1ds9.a,./pkl/jsonl/1ds9.a.pkl,1,homomer,198,198
671,1chd.a,./pkl/jsonl/1chd.a.pkl,1,homomer,198,198
672,1ap6.a,./pkl/jsonl/1ap6.a.pkl,1,homomer,198,198
673,1boq.a,./pkl/jsonl/1boq.a.pkl,1,homomer,198,198
674,1agy.a,./pkl/jsonl/1agy.a.pkl,1,homomer,197,197
675,1a21.b,./pkl/jsonl/1a21.b.pkl,1,homomer,197,197
676,1bcp.b,./pkl/jsonl/1bcp.b.pkl,1,homomer,197,197
677,1cp9.a,./pkl/jsonl/1cp9.a.pkl,1,homomer,197,197
678,1a3w.a,./pkl/jsonl/1a3w.a.pkl,1,homomer,492,492
679,1bif.a,./pkl/jsonl/1bif.a.pkl,1,homomer,432,432
680,1ee6.a,./pkl/jsonl/1ee6.a.pkl,1,homomer,197,197
681,1bcc.e,./pkl/jsonl/1bcc.e.pkl,1,homomer,196,196
682,1ddb.a,./pkl/jsonl/1ddb.a.pkl,1,homomer,195,195
683,1et9.a,./pkl/jsonl/1et9.a.pkl,1,homomer,195,195
684,1dhk.b,./pkl/jsonl/1dhk.b.pkl,1,homomer,195,195
685,1a21.a,./pkl/jsonl/1a21.a.pkl,1,homomer,194,194
686,1el4.a,./pkl/jsonl/1el4.a.pkl,1,homomer,194,194
687,1dl3.b,./pkl/jsonl/1dl3.b.pkl,1,homomer,194,194
688,1aj6.a,./pkl/jsonl/1aj6.a.pkl,1,homomer,194,194
689,1e6b.a,./pkl/jsonl/1e6b.a.pkl,1,homomer,194,194
690,1ade.a,./pkl/jsonl/1ade.a.pkl,1,homomer,431,431
691,1dus.a,./pkl/jsonl/1dus.a.pkl,1,homomer,194,194
692,1aw7.a,./pkl/jsonl/1aw7.a.pkl,1,homomer,194,194
693,1aip.h,./pkl/jsonl/1aip.h.pkl,1,homomer,194,194
694,1dev.a,./pkl/jsonl/1dev.a.pkl,1,homomer,194,194
695,1ais.b,./pkl/jsonl/1ais.b.pkl,1,homomer,193,193
696,1aoe.a,./pkl/jsonl/1aoe.a.pkl,1,homomer,192,192
697,1eje.a,./pkl/jsonl/1eje.a.pkl,1,homomer,192,192
698,1axi.b,./pkl/jsonl/1axi.b.pkl,1,homomer,191,191
699,1cuk.a,./pkl/jsonl/1cuk.a.pkl,1,homomer,190,190
700,1bd2.d,./pkl/jsonl/1bd2.d.pkl,1,homomer,190,190
701,1cg3.a,./pkl/jsonl/1cg3.a.pkl,1,homomer,431,431
702,1azs.a,./pkl/jsonl/1azs.a.pkl,1,homomer,190,190
703,1atz.b,./pkl/jsonl/1atz.b.pkl,1,homomer,189,189
704,1eq6.a,./pkl/jsonl/1eq6.a.pkl,1,homomer,189,189
705,1bho.1,./pkl/jsonl/1bho.1.pkl,1,homomer,189,189
706,1auy.b,./pkl/jsonl/1auy.b.pkl,1,homomer,189,189
707,1epf.a,./pkl/jsonl/1epf.a.pkl,1,homomer,189,189
708,1ac1.a,./pkl/jsonl/1ac1.a.pkl,1,homomer,188,188
709,1e5k.a,./pkl/jsonl/1e5k.a.pkl,1,homomer,188,188
710,1a0r.p,./pkl/jsonl/1a0r.p.pkl,1,homomer,188,188
711,1a6a.b,./pkl/jsonl/1a6a.b.pkl,1,homomer,187,187
712,1d7u.a,./pkl/jsonl/1d7u.a.pkl,1,homomer,431,431
713,1d2o.a,./pkl/jsonl/1d2o.a.pkl,1,homomer,187,187
714,1boz.a,./pkl/jsonl/1boz.a.pkl,1,homomer,186,186
715,1d7b.a,./pkl/jsonl/1d7b.a.pkl,1,homomer,186,186
716,153l.a,./pkl/jsonl/153l.a.pkl,1,homomer,185,185
717,1a44.a,./pkl/jsonl/1a44.a.pkl,1,homomer,185,185
718,1cz4.a,./pkl/jsonl/1cz4.a.pkl,1,homomer,185,185
719,1e20.a,./pkl/jsonl/1e20.a.pkl,1,homomer,185,185
720,1ad6.a,./pkl/jsonl/1ad6.a.pkl,1,homomer,185,185
721,1b78.a,./pkl/jsonl/1b78.a.pkl,1,homomer,184,184
722,1dd5.a,./pkl/jsonl/1dd5.a.pkl,1,homomer,184,184
723,1dp4.c,./pkl/jsonl/1dp4.c.pkl,1,homomer,429,429
724,1e57.b,./pkl/jsonl/1e57.b.pkl,1,homomer,183,183
725,1di6.a,./pkl/jsonl/1di6.a.pkl,1,homomer,183,183
726,1br9.a,./pkl/jsonl/1br9.a.pkl,1,homomer,182,182
727,1es0.a,./pkl/jsonl/1es0.a.pkl,1,homomer,182,182
728,1am2.a,./pkl/jsonl/1am2.a.pkl,1,homomer,181,181
729,1bjf.a,./pkl/jsonl/1bjf.a.pkl,1,homomer,181,181
730,1ais.a,./pkl/jsonl/1ais.a.pkl,1,homomer,181,181
731,1cau.a,./pkl/jsonl/1cau.a.pkl,1,homomer,181,181
732,1bed.a,./pkl/jsonl/1bed.a.pkl,1,homomer,181,181
733,1a7m.a,./pkl/jsonl/1a7m.a.pkl,1,homomer,180,180
734,1dty.a,./pkl/jsonl/1dty.a.pkl,1,homomer,429,429
735,1c9k.b,./pkl/jsonl/1c9k.b.pkl,1,homomer,180,180
736,1ej0.a,./pkl/jsonl/1ej0.a.pkl,1,homomer,180,180
737,1a22.a,./pkl/jsonl/1a22.a.pkl,1,homomer,180,180
738,1bpl.a,./pkl/jsonl/1bpl.a.pkl,1,homomer,179,179
739,1cdw.a,./pkl/jsonl/1cdw.a.pkl,1,homomer,179,179
740,1bnl.a,./pkl/jsonl/1bnl.a.pkl,1,homomer,178,178
741,1cr5.a,./pkl/jsonl/1cr5.a.pkl,1,homomer,178,178
742,1cdu.a,./pkl/jsonl/1cdu.a.pkl,1,homomer,178,178
743,1a66.a,./pkl/jsonl/1a66.a.pkl,1,homomer,178,178
744,1ab8.a,./pkl/jsonl/1ab8.a.pkl,1,homomer,177,177
745,1csc.a,./pkl/jsonl/1csc.a.pkl,1,homomer,429,429
746,1cid.a,./pkl/jsonl/1cid.a.pkl,1,homomer,177,177
747,1eb6.a,./pkl/jsonl/1eb6.a.pkl,1,homomer,177,177
748,1d4o.a,./pkl/jsonl/1d4o.a.pkl,1,homomer,177,177
749,1bh5.a,./pkl/jsonl/1bh5.a.pkl,1,homomer,177,177
750,1cr5.b,./pkl/jsonl/1cr5.b.pkl,1,homomer,176,176
751,1bvo.a,./pkl/jsonl/1bvo.a.pkl,1,homomer,175,175
752,1aoc.a,./pkl/jsonl/1aoc.a.pkl,1,homomer,175,175
753,1aqb.a,./pkl/jsonl/1aqb.a.pkl,1,homomer,175,175
754,1a9n.c,./pkl/jsonl/1a9n.c.pkl,1,homomer,174,174
755,1e94.a,./pkl/jsonl/1e94.a.pkl,1,homomer,174,174
756,1dj2.a,./pkl/jsonl/1dj2.a.pkl,1,homomer,429,429
757,1ak6.a,./pkl/jsonl/1ak6.a.pkl,1,homomer,174,174
758,1a45.a,./pkl/jsonl/1a45.a.pkl,1,homomer,173,173
759,1bpr.a,./pkl/jsonl/1bpr.a.pkl,1,homomer,173,173
760,1dk0.a,./pkl/jsonl/1dk0.a.pkl,1,homomer,173,173
761,1aj5.a,./pkl/jsonl/1aj5.a.pkl,1,homomer,173,173
762,1cv8.a,./pkl/jsonl/1cv8.a.pkl,1,homomer,173,173
763,1dfv.a,./pkl/jsonl/1dfv.a.pkl,1,homomer,173,173
764,1c0w.a,./pkl/jsonl/1c0w.a.pkl,1,homomer,173,173
765,1bxw.a,./pkl/jsonl/1bxw.a.pkl,1,homomer,172,172
766,1b24.a,./pkl/jsonl/1b24.a.pkl,1,homomer,172,172
767,1ek9.a,./pkl/jsonl/1ek9.a.pkl,1,homomer,428,428
768,1cpc.b,./pkl/jsonl/1cpc.b.pkl,1,homomer,172,172
769,1dmg.a,./pkl/jsonl/1dmg.a.pkl,1,homomer,172,172
770,1914.a,./pkl/jsonl/1914.a.pkl,1,homomer,171,171
771,1avw.b,./pkl/jsonl/1avw.b.pkl,1,homomer,171,171
772,1ccz.a,./pkl/jsonl/1ccz.a.pkl,1,homomer,171,171
773,1ae9.a,./pkl/jsonl/1ae9.a.pkl,1,homomer,171,171
774,1a79.a,./pkl/jsonl/1a79.a.pkl,1,homomer,171,171
775,1d2s.a,./pkl/jsonl/1d2s.a.pkl,1,homomer,170,170
776,1e6c.a,./pkl/jsonl/1e6c.a.pkl,1,homomer,170,170
777,1aih.a,./pkl/jsonl/1aih.a.pkl,1,homomer,170,170
778,1cd3.f,./pkl/jsonl/1cd3.f.pkl,1,homomer,426,426
779,1c3g.a,./pkl/jsonl/1c3g.a.pkl,1,homomer,170,170
780,1b9x.c,./pkl/jsonl/1b9x.c.pkl,1,homomer,169,169
781,1cz3.b,./pkl/jsonl/1cz3.b.pkl,1,homomer,168,168
782,1e2y.a,./pkl/jsonl/1e2y.a.pkl,1,homomer,167,167
783,1ej2.a,./pkl/jsonl/1ej2.a.pkl,1,homomer,167,167
784,1b1c.a,./pkl/jsonl/1b1c.a.pkl,1,homomer,166,166
785,1a3c.a,./pkl/jsonl/1a3c.a.pkl,1,homomer,166,166
786,1cjw.a,./pkl/jsonl/1cjw.a.pkl,1,homomer,166,166
787,1eq1.a,./pkl/jsonl/1eq1.a.pkl,1,homomer,166,166
788,1c02.a,./pkl/jsonl/1c02.a.pkl,1,homomer,166,166
789,1bpo.a,./pkl/jsonl/1bpo.a.pkl,1,homomer,487,487
790,1bag.a,./pkl/jsonl/1bag.a.pkl,1,homomer,425,425
791,1c41.a,./pkl/jsonl/1c41.a.pkl,1,homomer,165,165
792,1b8d.a,./pkl/jsonl/1b8d.a.pkl,1,homomer,164,164
793,1euj.a,./pkl/jsonl/1euj.a.pkl,1,homomer,164,164
794,1e1h.b,./pkl/jsonl/1e1h.b.pkl,1,homomer,164,164
795,1evs.a,./pkl/jsonl/1evs.a.pkl,1,homomer,163,163
796,1ao8.a,./pkl/jsonl/1ao8.a.pkl,1,homomer,162,162
797,1d5c.a,./pkl/jsonl/1d5c.a.pkl,1,homomer,162,162
798,1asu.a,./pkl/jsonl/1asu.a.pkl,1,homomer,162,162
799,1eh7.a,./pkl/jsonl/1eh7.a.pkl,1,homomer,162,162
800,1cpc.a,./pkl/jsonl/1cpc.a.pkl,1,homomer,162,162
801,1e9i.c,./pkl/jsonl/1e9i.c.pkl,1,homomer,425,425
802,1cfz.a,./pkl/jsonl/1cfz.a.pkl,1,homomer,162,162
803,1a73.a,./pkl/jsonl/1a73.a.pkl,1,homomer,162,162
804,1cm0.a,./pkl/jsonl/1cm0.a.pkl,1,homomer,162,162
805,1c25.a,./pkl/jsonl/1c25.a.pkl,1,homomer,161,161
806,1d7a.a,./pkl/jsonl/1d7a.a.pkl,1,homomer,161,161
807,1ble.a,./pkl/jsonl/1ble.a.pkl,1,homomer,161,161
808,1aj4.a,./pkl/jsonl/1aj4.a.pkl,1,homomer,160,160
809,1cgm.e,./pkl/jsonl/1cgm.e.pkl,1,homomer,160,160
810,1btk.a,./pkl/jsonl/1btk.a.pkl,1,homomer,160,160
811,1e88.a,./pkl/jsonl/1e88.a.pkl,1,homomer,160,160
812,1dp4.a,./pkl/jsonl/1dp4.a.pkl,1,homomer,425,425
813,1eav.a,./pkl/jsonl/1eav.a.pkl,1,homomer,159,159
814,1cyw.a,./pkl/jsonl/1cyw.a.pkl,1,homomer,159,159
815,1ew3.a,./pkl/jsonl/1ew3.a.pkl,1,homomer,159,159
816,1a17.a,./pkl/jsonl/1a17.a.pkl,1,homomer,159,159
817,1dps.a,./pkl/jsonl/1dps.a.pkl,1,homomer,159,159
818,1a0h.a,./pkl/jsonl/1a0h.a.pkl,1,homomer,159,159
819,1ay2.a,./pkl/jsonl/1ay2.a.pkl,1,homomer,158,158
820,1dkg.a,./pkl/jsonl/1dkg.a.pkl,1,homomer,158,158
821,1aa7.a,./pkl/jsonl/1aa7.a.pkl,1,homomer,158,158
822,1dmz.a,./pkl/jsonl/1dmz.a.pkl,1,homomer,158,158
823,1dcn.a,./pkl/jsonl/1dcn.a.pkl,1,homomer,424,424
824,1dhi.a,./pkl/jsonl/1dhi.a.pkl,1,homomer,158,158
825,1bgc.a,./pkl/jsonl/1bgc.a.pkl,1,homomer,158,158
826,1a6j.b,./pkl/jsonl/1a6j.b.pkl,1,homomer,157,157
827,1e7l.a,./pkl/jsonl/1e7l.a.pkl,1,homomer,157,157
828,1alu.a,./pkl/jsonl/1alu.a.pkl,1,homomer,157,157
829,1esl.a,./pkl/jsonl/1esl.a.pkl,1,homomer,157,157
830,1d1p.a,./pkl/jsonl/1d1p.a.pkl,1,homomer,156,156
831,1dw9.a,./pkl/jsonl/1dw9.a.pkl,1,homomer,156,156
832,1dyo.a,./pkl/jsonl/1dyo.a.pkl,1,homomer,156,156
833,1beb.a,./pkl/jsonl/1beb.a.pkl,1,homomer,156,156
834,1c3c.a,./pkl/jsonl/1c3c.a.pkl,1,homomer,424,424
835,1a5e.a,./pkl/jsonl/1a5e.a.pkl,1,homomer,156,156
836,1ep5.a,./pkl/jsonl/1ep5.a.pkl,1,homomer,156,156
837,1c2y.a,./pkl/jsonl/1c2y.a.pkl,1,homomer,155,155
838,1afb.1,./pkl/jsonl/1afb.1.pkl,1,homomer,154,154
839,1am7.a,./pkl/jsonl/1am7.a.pkl,1,homomer,154,154
840,1elk.a,./pkl/jsonl/1elk.a.pkl,1,homomer,153,153
841,1cx1.a,./pkl/jsonl/1cx1.a.pkl,1,homomer,153,153
842,1aep.a,./pkl/jsonl/1aep.a.pkl,1,homomer,153,153
843,1b4t.a,./pkl/jsonl/1b4t.a.pkl,1,homomer,153,153
844,1dbu.a,./pkl/jsonl/1dbu.a.pkl,1,homomer,152,152
845,1bk6.a,./pkl/jsonl/1bk6.a.pkl,1,homomer,422,422
846,1b5l.a,./pkl/jsonl/1b5l.a.pkl,1,homomer,152,152
847,1a8m.a,./pkl/jsonl/1a8m.a.pkl,1,homomer,152,152
848,1bvy.f,./pkl/jsonl/1bvy.f.pkl,1,homomer,152,152
849,1a1r.a,./pkl/jsonl/1a1r.a.pkl,1,homomer,152,152
850,1dvo.a,./pkl/jsonl/1dvo.a.pkl,1,homomer,152,152
851,1byr.a,./pkl/jsonl/1byr.a.pkl,1,homomer,152,152
852,1dkg.b,./pkl/jsonl/1dkg.b.pkl,1,homomer,151,151
853,1b93.b,./pkl/jsonl/1b93.b.pkl,1,homomer,151,151
854,1bzo.a,./pkl/jsonl/1bzo.a.pkl,1,homomer,151,151
855,1epa.a,./pkl/jsonl/1epa.a.pkl,1,homomer,151,151
856,1b8g.a,./pkl/jsonl/1b8g.a.pkl,1,homomer,421,421
857,1a3z.a,./pkl/jsonl/1a3z.a.pkl,1,homomer,150,150
858,1d2z.b,./pkl/jsonl/1d2z.b.pkl,1,homomer,150,150
859,1cwp.a,./pkl/jsonl/1cwp.a.pkl,1,homomer,149,149
860,1div.a,./pkl/jsonl/1div.a.pkl,1,homomer,149,149
861,1aro.l,./pkl/jsonl/1aro.l.pkl,1,homomer,149,149
862,1dvk.a,./pkl/jsonl/1dvk.a.pkl,1,homomer,149,149
863,1dg6.a,./pkl/jsonl/1dg6.a.pkl,1,homomer,149,149
864,1e5p.a,./pkl/jsonl/1e5p.a.pkl,1,homomer,149,149
865,1dzk.a,./pkl/jsonl/1dzk.a.pkl,1,homomer,148,148
866,1a97.b,./pkl/jsonl/1a97.b.pkl,1,homomer,148,148
867,1cpy.a,./pkl/jsonl/1cpy.a.pkl,1,homomer,421,421
868,1di0.a,./pkl/jsonl/1di0.a.pkl,1,homomer,148,148
869,1dk8.a,./pkl/jsonl/1dk8.a.pkl,1,homomer,147,147
870,1b3t.a,./pkl/jsonl/1b3t.a.pkl,1,homomer,147,147
871,1ash.a,./pkl/jsonl/1ash.a.pkl,1,homomer,147,147
872,1akq.a,./pkl/jsonl/1akq.a.pkl,1,homomer,147,147
873,1dm1.a,./pkl/jsonl/1dm1.a.pkl,1,homomer,146,146
874,1a3a.c,./pkl/jsonl/1a3a.c.pkl,1,homomer,146,146
875,1a00.b,./pkl/jsonl/1a00.b.pkl,1,homomer,146,146
876,1dk7.a,./pkl/jsonl/1dk7.a.pkl,1,homomer,146,146
877,1aly.a,./pkl/jsonl/1aly.a.pkl,1,homomer,146,146
878,1eak.a,./pkl/jsonl/1eak.a.pkl,1,homomer,421,421
879,1ajw.a,./pkl/jsonl/1ajw.a.pkl,1,homomer,145,145
880,1at0.a,./pkl/jsonl/1at0.a.pkl,1,homomer,145,145
881,1b92.a,./pkl/jsonl/1b92.a.pkl,1,homomer,144,144
882,1c3k.a,./pkl/jsonl/1c3k.a.pkl,1,homomer,143,143
883,1d7q.a,./pkl/jsonl/1d7q.a.pkl,1,homomer,143,143
884,1bin.a,./pkl/jsonl/1bin.a.pkl,1,homomer,143,143
885,1ekr.a,./pkl/jsonl/1ekr.a.pkl,1,homomer,143,143
886,1bow.a,./pkl/jsonl/1bow.a.pkl,1,homomer,143,143
887,1avg.i,./pkl/jsonl/1avg.i.pkl,1,homomer,142,142
888,1b0b.a,./pkl/jsonl/1b0b.a.pkl,1,homomer,142,142
889,1af6.a,./pkl/jsonl/1af6.a.pkl,1,homomer,421,421
890,1aqz.a,./pkl/jsonl/1aqz.a.pkl,1,homomer,142,142
891,1c17.m,./pkl/jsonl/1c17.m.pkl,1,homomer,142,142
892,1ear.a,./pkl/jsonl/1ear.a.pkl,1,homomer,142,142
893,1apy.b,./pkl/jsonl/1apy.b.pkl,1,homomer,141,141
894,1cg5.b,./pkl/jsonl/1cg5.b.pkl,1,homomer,141,141
895,1avo.b,./pkl/jsonl/1avo.b.pkl,1,homomer,140,140
896,1ej8.a,./pkl/jsonl/1ej8.a.pkl,1,homomer,140,140
897,1b68.a,./pkl/jsonl/1b68.a.pkl,1,homomer,138,138
898,1b66.a,./pkl/jsonl/1b66.a.pkl,1,homomer,138,138
899,1anu.a,./pkl/jsonl/1anu.a.pkl,1,homomer,138,138
900,1cc1.l,./pkl/jsonl/1cc1.l.pkl,1,homomer,487,487
901,1adj.b,./pkl/jsonl/1adj.b.pkl,1,homomer,420,420
902,1b1a.a,./pkl/jsonl/1b1a.a.pkl,1,homomer,137,137
903,1dqe.a,./pkl/jsonl/1dqe.a.pkl,1,homomer,137,137
904,1eni.a,./pkl/jsonl/1eni.a.pkl,1,homomer,137,137
905,1cbi.a,./pkl/jsonl/1cbi.a.pkl,1,homomer,136,136
906,1d1j.b,./pkl/jsonl/1d1j.b.pkl,1,homomer,136,136
907,1eca.a,./pkl/jsonl/1eca.a.pkl,1,homomer,136,136
908,1euw.a,./pkl/jsonl/1euw.a.pkl,1,homomer,136,136
909,1bkb.a,./pkl/jsonl/1bkb.a.pkl,1,homomer,136,136
910,1e29.a,./pkl/jsonl/1e29.a.pkl,1,homomer,135,135
911,1a2t.a,./pkl/jsonl/1a2t.a.pkl,1,homomer,135,135
912,1att.a,./pkl/jsonl/1att.a.pkl,1,homomer,420,420
913,1c1f.a,./pkl/jsonl/1c1f.a.pkl,1,homomer,135,135
914,1c3a.a,./pkl/jsonl/1c3a.a.pkl,1,homomer,135,135
915,1aqt.a,./pkl/jsonl/1aqt.a.pkl,1,homomer,135,135
916,1cfe.a,./pkl/jsonl/1cfe.a.pkl,1,homomer,135,135
917,1dqg.a,./pkl/jsonl/1dqg.a.pkl,1,homomer,134,134
918,1a78.a,./pkl/jsonl/1a78.a.pkl,1,homomer,134,134
919,1ete.a,./pkl/jsonl/1ete.a.pkl,1,homomer,134,134
920,1bbn.a,./pkl/jsonl/1bbn.a.pkl,1,homomer,133,133
921,1ahq.a,./pkl/jsonl/1ahq.a.pkl,1,homomer,133,133
922,1dcf.a,./pkl/jsonl/1dcf.a.pkl,1,homomer,133,133
923,1e9r.a,./pkl/jsonl/1e9r.a.pkl,1,homomer,420,420
924,1c4p.c,./pkl/jsonl/1c4p.c.pkl,1,homomer,132,132
925,1b4u.a,./pkl/jsonl/1b4u.a.pkl,1,homomer,132,132
926,1e3o.c,./pkl/jsonl/1e3o.c.pkl,1,homomer,132,132
927,1c7k.a,./pkl/jsonl/1c7k.a.pkl,1,homomer,132,132
928,1cvj.h,./pkl/jsonl/1cvj.h.pkl,1,homomer,132,132
929,1bxi.b,./pkl/jsonl/1bxi.b.pkl,1,homomer,131,131
930,1c52.a,./pkl/jsonl/1c52.a.pkl,1,homomer,131,131
931,1bbh.a,./pkl/jsonl/1bbh.a.pkl,1,homomer,131,131
932,1d06.a,./pkl/jsonl/1d06.a.pkl,1,homomer,130,130
933,1ax8.a,./pkl/jsonl/1ax8.a.pkl,1,homomer,130,130
934,1ejd.a,./pkl/jsonl/1ejd.a.pkl,1,homomer,419,419
935,1au7.a,./pkl/jsonl/1au7.a.pkl,1,homomer,130,130
936,1aqc.a,./pkl/jsonl/1aqc.a.pkl,1,homomer,130,130
937,1e50.b,./pkl/jsonl/1e50.b.pkl,1,homomer,130,130
938,1ayo.a,./pkl/jsonl/1ayo.a.pkl,1,homomer,130,130
939,1a0k.a,./pkl/jsonl/1a0k.a.pkl,1,homomer,130,130
940,1cnt.2,./pkl/jsonl/1cnt.2.pkl,1,homomer,130,130
941,1ah1.a,./pkl/jsonl/1ah1.a.pkl,1,homomer,129,129
942,1a4a.a,./pkl/jsonl/1a4a.a.pkl,1,homomer,129,129
943,1aq3.a,./pkl/jsonl/1aq3.a.pkl,1,homomer,129,129
944,132l.a,./pkl/jsonl/132l.a.pkl,1,homomer,129,129
945,1ejc.a,./pkl/jsonl/1ejc.a.pkl,1,homomer,419,419
946,1cpq.a,./pkl/jsonl/1cpq.a.pkl,1,homomer,129,129
947,1a9v.a,./pkl/jsonl/1a9v.a.pkl,1,homomer,129,129
948,1egi.a,./pkl/jsonl/1egi.a.pkl,1,homomer,129,129
949,1c77.b,./pkl/jsonl/1c77.b.pkl,1,homomer,128,128
950,1dd3.a,./pkl/jsonl/1dd3.a.pkl,1,homomer,128,128
951,1e0z.a,./pkl/jsonl/1e0z.a.pkl,1,homomer,128,128
952,1c20.a,./pkl/jsonl/1c20.a.pkl,1,homomer,128,128
953,1cmz.a,./pkl/jsonl/1cmz.a.pkl,1,homomer,128,128
954,1elr.a,./pkl/jsonl/1elr.a.pkl,1,homomer,128,128
955,1cmo.a,./pkl/jsonl/1cmo.a.pkl,1,homomer,127,127
956,1ej6.d,./pkl/jsonl/1ej6.d.pkl,1,homomer,417,417
957,1dwn.a,./pkl/jsonl/1dwn.a.pkl,1,homomer,127,127
958,1afc.a,./pkl/jsonl/1afc.a.pkl,1,homomer,127,127
959,1b8q.a,./pkl/jsonl/1b8q.a.pkl,1,homomer,127,127
960,1eal.a,./pkl/jsonl/1eal.a.pkl,1,homomer,127,127
961,1dbf.a,./pkl/jsonl/1dbf.a.pkl,1,homomer,127,127
962,1coz.a,./pkl/jsonl/1coz.a.pkl,1,homomer,126,126
963,1af5.a,./pkl/jsonl/1af5.a.pkl,1,homomer,126,126
964,1ahs.a,./pkl/jsonl/1ahs.a.pkl,1,homomer,126,126
965,1ab5.a,./pkl/jsonl/1ab5.a.pkl,1,homomer,125,125
966,1a62.a,./pkl/jsonl/1a62.a.pkl,1,homomer,125,125
967,1d0c.a,./pkl/jsonl/1d0c.a.pkl,1,homomer,416,416
968,1bw3.a,./pkl/jsonl/1bw3.a.pkl,1,homomer,125,125
969,1cgn.a,./pkl/jsonl/1cgn.a.pkl,1,homomer,125,125
970,1ar0.a,./pkl/jsonl/1ar0.a.pkl,1,homomer,125,125
971,1buq.a,./pkl/jsonl/1buq.a.pkl,1,homomer,125,125
972,1a7v.a,./pkl/jsonl/1a7v.a.pkl,1,homomer,125,125
973,1dfx.a,./pkl/jsonl/1dfx.a.pkl,1,homomer,125,125
974,1eo1.a,./pkl/jsonl/1eo1.a.pkl,1,homomer,124,124
975,1bgf.a,./pkl/jsonl/1bgf.a.pkl,1,homomer,124,124
976,1dz3.a,./pkl/jsonl/1dz3.a.pkl,1,homomer,123,123
977,1c44.a,./pkl/jsonl/1c44.a.pkl,1,homomer,123,123
978,1bvu.a,./pkl/jsonl/1bvu.a.pkl,1,homomer,416,416
979,1c7h.a,./pkl/jsonl/1c7h.a.pkl,1,homomer,123,123
980,1d5w.a,./pkl/jsonl/1d5w.a.pkl,1,homomer,123,123
981,1bdy.a,./pkl/jsonl/1bdy.a.pkl,1,homomer,123,123
982,1byf.a,./pkl/jsonl/1byf.a.pkl,1,homomer,123,123
983,1b1e.a,./pkl/jsonl/1b1e.a.pkl,1,homomer,123,123
984,1dro.a,./pkl/jsonl/1dro.a.pkl,1,homomer,122,122
985,1d4b.a,./pkl/jsonl/1d4b.a.pkl,1,homomer,122,122
986,1d9c.a,./pkl/jsonl/1d9c.a.pkl,1,homomer,121,121
987,1dhn.a,./pkl/jsonl/1dhn.a.pkl,1,homomer,121,121
988,155c.a,./pkl/jsonl/155c.a.pkl,1,homomer,134,121
989,16pk.a,./pkl/jsonl/16pk.a.pkl,1,homomer,415,415
990,1dza.a,./pkl/jsonl/1dza.a.pkl,1,homomer,121,121
991,1dun.a,./pkl/jsonl/1dun.a.pkl,1,homomer,120,120
992,1br0.a,./pkl/jsonl/1br0.a.pkl,1,homomer,120,120
993,1bm9.a,./pkl/jsonl/1bm9.a.pkl,1,homomer,120,120
994,1eaj.b,./pkl/jsonl/1eaj.b.pkl,1,homomer,120,120
995,1ecs.a,./pkl/jsonl/1ecs.a.pkl,1,homomer,120,120
996,1b9l.a,./pkl/jsonl/1b9l.a.pkl,1,homomer,119,119
997,1ekg.a,./pkl/jsonl/1ekg.a.pkl,1,homomer,119,119
998,1bak.a,./pkl/jsonl/1bak.a.pkl,1,homomer,119,119
999,1dx5.i,./pkl/jsonl/1dx5.i.pkl,1,homomer,118,118
1000,1cw1.a,./pkl/jsonl/1cw1.a.pkl,1,homomer,415,415
1001,1a7e.a,./pkl/jsonl/1a7e.a.pkl,1,homomer,118,118
1002,1b1u.a,./pkl/jsonl/1b1u.a.pkl,1,homomer,117,117
1003,1elw.a,./pkl/jsonl/1elw.a.pkl,1,homomer,117,117
1004,1etb.2,./pkl/jsonl/1etb.2.pkl,1,homomer,117,117
1005,1d4v.a,./pkl/jsonl/1d4v.a.pkl,1,homomer,117,117
1006,1bl0.a,./pkl/jsonl/1bl0.a.pkl,1,homomer,116,116
1007,1a57.a,./pkl/jsonl/1a57.a.pkl,1,homomer,116,116
1008,1auz.a,./pkl/jsonl/1auz.a.pkl,1,homomer,116,116
1009,1dlw.a,./pkl/jsonl/1dlw.a.pkl,1,homomer,116,116
1010,1cs3.a,./pkl/jsonl/1cs3.a.pkl,1,homomer,116,116
1011,1eov.a,./pkl/jsonl/1eov.a.pkl,1,homomer,487,487
1012,1e9r.d,./pkl/jsonl/1e9r.d.pkl,1,homomer,415,415
1013,1agr.h,./pkl/jsonl/1agr.h.pkl,1,homomer,116,116
1014,1egx.a,./pkl/jsonl/1egx.a.pkl,1,homomer,115,115
1015,1enw.a,./pkl/jsonl/1enw.a.pkl,1,homomer,114,114
1016,1akp.a,./pkl/jsonl/1akp.a.pkl,1,homomer,114,114
1017,1ewi.a,./pkl/jsonl/1ewi.a.pkl,1,homomer,114,114
1018,1ed1.a,./pkl/jsonl/1ed1.a.pkl,1,homomer,114,114
1019,1dyn.a,./pkl/jsonl/1dyn.a.pkl,1,homomer,113,113
1020,1a6f.a,./pkl/jsonl/1a6f.a.pkl,1,homomer,113,113
1021,1av5.a,./pkl/jsonl/1av5.a.pkl,1,homomer,113,113
1022,1aa0.a,./pkl/jsonl/1aa0.a.pkl,1,homomer,113,113
1023,1a0s.p,./pkl/jsonl/1a0s.p.pkl,1,homomer,413,413
1024,1dw0.a,./pkl/jsonl/1dw0.a.pkl,1,homomer,112,112
1025,1d4u.a,./pkl/jsonl/1d4u.a.pkl,1,homomer,111,111
1026,1eiw.a,./pkl/jsonl/1eiw.a.pkl,1,homomer,111,111
1027,1byw.a,./pkl/jsonl/1byw.a.pkl,1,homomer,110,110
1028,1bjx.a,./pkl/jsonl/1bjx.a.pkl,1,homomer,110,110
1029,1bik.a,./pkl/jsonl/1bik.a.pkl,1,homomer,110,110
1030,1a5j.a,./pkl/jsonl/1a5j.a.pkl,1,homomer,110,110
1031,1bcp.d,./pkl/jsonl/1bcp.d.pkl,1,homomer,110,110
1032,1czj.a,./pkl/jsonl/1czj.a.pkl,1,homomer,110,110
1033,1ejf.a,./pkl/jsonl/1ejf.a.pkl,1,homomer,110,110
1034,1ems.a,./pkl/jsonl/1ems.a.pkl,1,homomer,412,412
1035,1dl7.l,./pkl/jsonl/1dl7.l.pkl,1,homomer,109,109
1036,1dj7.a,./pkl/jsonl/1dj7.a.pkl,1,homomer,109,109
1037,1bhd.a,./pkl/jsonl/1bhd.a.pkl,1,homomer,108,108
1038,1c3y.a,./pkl/jsonl/1c3y.a.pkl,1,homomer,108,108
1039,1ay9.a,./pkl/jsonl/1ay9.a.pkl,1,homomer,108,108
1040,1a2p.a,./pkl/jsonl/1a2p.a.pkl,1,homomer,108,108
1041,1chh.a,./pkl/jsonl/1chh.a.pkl,1,homomer,108,108
1042,1bkf.a,./pkl/jsonl/1bkf.a.pkl,1,homomer,107,107
1043,1eqz.f,./pkl/jsonl/1eqz.f.pkl,1,homomer,107,107
1044,1a90.a,./pkl/jsonl/1a90.a.pkl,1,homomer,107,107
1045,1bw0.a,./pkl/jsonl/1bw0.a.pkl,1,homomer,412,412
1046,1acx.a,./pkl/jsonl/1acx.a.pkl,1,homomer,107,107
1047,1ej5.a,./pkl/jsonl/1ej5.a.pkl,1,homomer,107,107
1048,1a1x.a,./pkl/jsonl/1a1x.a.pkl,1,homomer,106,106
1049,1b44.d,./pkl/jsonl/1b44.d.pkl,1,homomer,106,106
1050,1a75.a,./pkl/jsonl/1a75.a.pkl,1,homomer,106,106
1051,1a6l.a,./pkl/jsonl/1a6l.a.pkl,1,homomer,106,106
1052,1b4q.a,./pkl/jsonl/1b4q.a.pkl,1,homomer,105,105
1053,1b9r.a,./pkl/jsonl/1b9r.a.pkl,1,homomer,105,105
1054,1abv.a,./pkl/jsonl/1abv.a.pkl,1,homomer,105,105
1055,1bir.a,./pkl/jsonl/1bir.a.pkl,1,homomer,104,104
1056,1cpt.a,./pkl/jsonl/1cpt.a.pkl,1,homomer,412,412
1057,1cmb.a,./pkl/jsonl/1cmb.a.pkl,1,homomer,104,104
1058,1dm9.a,./pkl/jsonl/1dm9.a.pkl,1,homomer,104,104
1059,1b10.a,./pkl/jsonl/1b10.a.pkl,1,homomer,104,104
1060,1ddv.a,./pkl/jsonl/1ddv.a.pkl,1,homomer,104,104
1061,1d4t.a,./pkl/jsonl/1d4t.a.pkl,1,homomer,104,104
1062,1bpv.a,./pkl/jsonl/1bpv.a.pkl,1,homomer,104,104
1063,1b0n.a,./pkl/jsonl/1b0n.a.pkl,1,homomer,103,103
1064,1eaz.a,./pkl/jsonl/1eaz.a.pkl,1,homomer,103,103
1065,1ag4.a,./pkl/jsonl/1ag4.a.pkl,1,homomer,103,103
1066,1b79.b,./pkl/jsonl/1b79.b.pkl,1,homomer,103,103
1067,1e5m.a,./pkl/jsonl/1e5m.a.pkl,1,homomer,411,411
1068,1b98.a,./pkl/jsonl/1b98.a.pkl,1,homomer,103,103
1069,1bhu.a,./pkl/jsonl/1bhu.a.pkl,1,homomer,102,102
1070,1d0q.a,./pkl/jsonl/1d0q.a.pkl,1,homomer,102,102
1071,1d2z.a,./pkl/jsonl/1d2z.a.pkl,1,homomer,102,102
1072,1a1a.b,./pkl/jsonl/1a1a.b.pkl,1,homomer,102,102
1073,1dva.l,./pkl/jsonl/1dva.l.pkl,1,homomer,101,101
1074,1d7m.a,./pkl/jsonl/1d7m.a.pkl,1,homomer,101,101
1075,1cqk.a,./pkl/jsonl/1cqk.a.pkl,1,homomer,101,101
1076,1aya.a,./pkl/jsonl/1aya.a.pkl,1,homomer,101,101
1077,1egj.a,./pkl/jsonl/1egj.a.pkl,1,homomer,101,101
1078,1dkq.a,./pkl/jsonl/1dkq.a.pkl,1,homomer,410,410
1079,1ao7.b,./pkl/jsonl/1ao7.b.pkl,1,homomer,100,100
1080,1bm8.a,./pkl/jsonl/1bm8.a.pkl,1,homomer,99,99
1081,1a94.a,./pkl/jsonl/1a94.a.pkl,1,homomer,99,99
1082,1avv.a,./pkl/jsonl/1avv.a.pkl,1,homomer,99,99
1083,1dco.a,./pkl/jsonl/1dco.a.pkl,1,homomer,99,99
1084,1byo.a,./pkl/jsonl/1byo.a.pkl,1,homomer,99,99
1085,1cyu.a,./pkl/jsonl/1cyu.a.pkl,1,homomer,98,98
1086,1beo.a,./pkl/jsonl/1beo.a.pkl,1,homomer,98,98
1087,1aps.a,./pkl/jsonl/1aps.a.pkl,1,homomer,98,98
1088,1aj3.a,./pkl/jsonl/1aj3.a.pkl,1,homomer,98,98
1089,1att.b,./pkl/jsonl/1att.b.pkl,1,homomer,410,410
1090,1d1n.a,./pkl/jsonl/1d1n.a.pkl,1,homomer,98,98
1091,1bcp.f,./pkl/jsonl/1bcp.f.pkl,1,homomer,98,98
1092,1cqm.a,./pkl/jsonl/1cqm.a.pkl,1,homomer,98,98
1093,1aut.l,./pkl/jsonl/1aut.l.pkl,1,homomer,97,97
1094,1a70.a,./pkl/jsonl/1a70.a.pkl,1,homomer,97,97
1095,1bym.a,./pkl/jsonl/1bym.a.pkl,1,homomer,97,97
1096,1agq.b,./pkl/jsonl/1agq.b.pkl,1,homomer,96,96
1097,1esx.a,./pkl/jsonl/1esx.a.pkl,1,homomer,96,96
1098,1cdz.a,./pkl/jsonl/1cdz.a.pkl,1,homomer,96,96
1099,1cdc.a,./pkl/jsonl/1cdc.a.pkl,1,homomer,96,96
1100,1e94.e,./pkl/jsonl/1e94.e.pkl,1,homomer,408,408
1101,1bja.a,./pkl/jsonl/1bja.a.pkl,1,homomer,95,95
1102,1ecm.b,./pkl/jsonl/1ecm.b.pkl,1,homomer,95,95
1103,1c5e.a,./pkl/jsonl/1c5e.a.pkl,1,homomer,95,95
1104,1box.a,./pkl/jsonl/1box.a.pkl,1,homomer,95,95
1105,1c07.a,./pkl/jsonl/1c07.a.pkl,1,homomer,95,95
1106,1aue.b,./pkl/jsonl/1aue.b.pkl,1,homomer,94,94
1107,1ehx.a,./pkl/jsonl/1ehx.a.pkl,1,homomer,94,94
1108,1dfu.p,./pkl/jsonl/1dfu.p.pkl,1,homomer,94,94
1109,1a9n.d,./pkl/jsonl/1a9n.d.pkl,1,homomer,93,93
1110,1dgw.y,./pkl/jsonl/1dgw.y.pkl,1,homomer,92,92
1111,1d7k.b,./pkl/jsonl/1d7k.b.pkl,1,homomer,407,407
1112,1cy5.a,./pkl/jsonl/1cy5.a.pkl,1,homomer,92,92
1113,1b4c.a,./pkl/jsonl/1b4c.a.pkl,1,homomer,92,92
1114,1adn.a,./pkl/jsonl/1adn.a.pkl,1,homomer,92,92
1115,1bxv.a,./pkl/jsonl/1bxv.a.pkl,1,homomer,91,91
1116,1bte.a,./pkl/jsonl/1bte.a.pkl,1,homomer,91,91
1117,1b64.a,./pkl/jsonl/1b64.a.pkl,1,homomer,91,91
1118,1b9w.a,./pkl/jsonl/1b9w.a.pkl,1,homomer,91,91
1119,1ef1.c,./pkl/jsonl/1ef1.c.pkl,1,homomer,90,90
1120,1aw8.b,./pkl/jsonl/1aw8.b.pkl,1,homomer,90,90
1121,1bwo.a,./pkl/jsonl/1bwo.a.pkl,1,homomer,90,90
